"Problem","Package","File","Priority","Line","Description","Rule set","Rule"
"1","org.apache.commons.lang3","..\dataset\projects\commons-lang\src\main\java\org\apache\commons\lang3\AnnotationUtils.java","3","45","Possible God Class (WMC=57, ATFD=26, TCC=0.000%)","Design","GodClass"
"2","org.apache.commons.lang3","..\dataset\projects\commons-lang\src\main\java\org\apache\commons\lang3\AnnotationUtils.java","3","120","The method 'arrayMemberEquals(Class<?>, Object, Object)' has a cyclomatic complexity of 10.","Design","CyclomaticComplexity"
"3","org.apache.commons.lang3","..\dataset\projects\commons-lang\src\main\java\org\apache\commons\lang3\AnnotationUtils.java","3","197","The method 'equals(Annotation, Annotation)' has a cyclomatic complexity of 10.","Design","CyclomaticComplexity"
"1","org.apache.commons.lang3","..\dataset\projects\commons-lang\src\main\java\org\apache\commons\lang3\AppendableJoiner.java","3","84","This class has too many methods, consider refactoring it.","Design","TooManyMethods"
"1","org.apache.commons.lang3","..\dataset\projects\commons-lang\src\main\java\org\apache\commons\lang3\ArchUtils.java","3","33","This class has too many methods, consider refactoring it.","Design","TooManyMethods"
"1","org.apache.commons.lang3","..\dataset\projects\commons-lang\src\main\java\org\apache\commons\lang3\ArrayFill.java","3","30","This class has too many methods, consider refactoring it.","Design","TooManyMethods"
"1","org.apache.commons.lang3","..\dataset\projects\commons-lang\src\main\java\org\apache\commons\lang3\ArrayUtils.java","3","17","A value of 63 may denote a high amount of coupling within the class (threshold: 20)","Design","CouplingBetweenObjects"
"2","org.apache.commons.lang3","..\dataset\projects\commons-lang\src\main\java\org\apache\commons\lang3\ArrayUtils.java","3","61","Possible God Class (WMC=1 095, ATFD=421, TCC=1.712%)","Design","GodClass"
"3","org.apache.commons.lang3","..\dataset\projects\commons-lang\src\main\java\org\apache\commons\lang3\ArrayUtils.java","3","61","The class 'ArrayUtils' has a total cyclomatic complexity of 1095 (highest 13).","Design","CyclomaticComplexity"
"4","org.apache.commons.lang3","..\dataset\projects\commons-lang\src\main\java\org\apache\commons\lang3\ArrayUtils.java","3","61","This class has too many methods, consider refactoring it.","Design","TooManyMethods"
"5","org.apache.commons.lang3","..\dataset\projects\commons-lang\src\main\java\org\apache\commons\lang3\ArrayUtils.java","3","4472","The method 'lastIndexOf(Object[], Object, int)' has a cyclomatic complexity of 10.","Design","CyclomaticComplexity"
"6","org.apache.commons.lang3","..\dataset\projects\commons-lang\src\main\java\org\apache\commons\lang3\ArrayUtils.java","3","5480","The method 'removeAll(Object, int[])' has a cyclomatic complexity of 13.","Design","CyclomaticComplexity"
"7","org.apache.commons.lang3","..\dataset\projects\commons-lang\src\main\java\org\apache\commons\lang3\ArrayUtils.java","3","7143","The method 'shift(boolean[], int, int, int)' has a cyclomatic complexity of 10.","Design","CyclomaticComplexity"
"8","org.apache.commons.lang3","..\dataset\projects\commons-lang\src\main\java\org\apache\commons\lang3\ArrayUtils.java","3","7213","The method 'shift(byte[], int, int, int)' has a cyclomatic complexity of 10.","Design","CyclomaticComplexity"
"9","org.apache.commons.lang3","..\dataset\projects\commons-lang\src\main\java\org\apache\commons\lang3\ArrayUtils.java","3","7283","The method 'shift(char[], int, int, int)' has a cyclomatic complexity of 10.","Design","CyclomaticComplexity"
"10","org.apache.commons.lang3","..\dataset\projects\commons-lang\src\main\java\org\apache\commons\lang3\ArrayUtils.java","3","7353","The method 'shift(double[], int, int, int)' has a cyclomatic complexity of 10.","Design","CyclomaticComplexity"
"11","org.apache.commons.lang3","..\dataset\projects\commons-lang\src\main\java\org\apache\commons\lang3\ArrayUtils.java","3","7423","The method 'shift(float[], int, int, int)' has a cyclomatic complexity of 10.","Design","CyclomaticComplexity"
"12","org.apache.commons.lang3","..\dataset\projects\commons-lang\src\main\java\org\apache\commons\lang3\ArrayUtils.java","3","7493","The method 'shift(int[], int, int, int)' has a cyclomatic complexity of 10.","Design","CyclomaticComplexity"
"13","org.apache.commons.lang3","..\dataset\projects\commons-lang\src\main\java\org\apache\commons\lang3\ArrayUtils.java","3","7563","The method 'shift(long[], int, int, int)' has a cyclomatic complexity of 10.","Design","CyclomaticComplexity"
"14","org.apache.commons.lang3","..\dataset\projects\commons-lang\src\main\java\org\apache\commons\lang3\ArrayUtils.java","3","7633","The method 'shift(Object[], int, int, int)' has a cyclomatic complexity of 10.","Design","CyclomaticComplexity"
"15","org.apache.commons.lang3","..\dataset\projects\commons-lang\src\main\java\org\apache\commons\lang3\ArrayUtils.java","3","7703","The method 'shift(short[], int, int, int)' has a cyclomatic complexity of 10.","Design","CyclomaticComplexity"
"16","org.apache.commons.lang3","..\dataset\projects\commons-lang\src\main\java\org\apache\commons\lang3\ArrayUtils.java","3","9500","The method 'toPrimitive(Object)' has a cyclomatic complexity of 10.","Design","CyclomaticComplexity"
"1","org.apache.commons.lang3","..\dataset\projects\commons-lang\src\main\java\org\apache\commons\lang3\BooleanUtils.java","3","37","The class 'BooleanUtils' has a total cyclomatic complexity of 169 (highest 56).","Design","CyclomaticComplexity"
"2","org.apache.commons.lang3","..\dataset\projects\commons-lang\src\main\java\org\apache\commons\lang3\BooleanUtils.java","3","37","This class has too many methods, consider refactoring it.","Design","TooManyMethods"
"3","org.apache.commons.lang3","..\dataset\projects\commons-lang\src\main\java\org\apache\commons\lang3\BooleanUtils.java","3","738","The method 'toBooleanObject(String)' has a cyclomatic complexity of 56.","Design","CyclomaticComplexity"
"1","org.apache.commons.lang3","..\dataset\projects\commons-lang\src\main\java\org\apache\commons\lang3\CharSequenceUtils.java","3","110","The method 'indexOf(CharSequence, int, int)' has a cyclomatic complexity of 10.","Design","CyclomaticComplexity"
"2","org.apache.commons.lang3","..\dataset\projects\commons-lang\src\main\java\org\apache\commons\lang3\CharSequenceUtils.java","3","148","The method 'lastIndexOf(CharSequence, CharSequence, int)' has a cyclomatic complexity of 21.","Design","CyclomaticComplexity"
"3","org.apache.commons.lang3","..\dataset\projects\commons-lang\src\main\java\org\apache\commons\lang3\CharSequenceUtils.java","3","242","The method 'lastIndexOf(CharSequence, int, int)' has a cyclomatic complexity of 12.","Design","CyclomaticComplexity"
"4","org.apache.commons.lang3","..\dataset\projects\commons-lang\src\main\java\org\apache\commons\lang3\CharSequenceUtils.java","3","292","The method 'regionMatches(CharSequence, boolean, int, CharSequence, int, int)' has a cyclomatic complexity of 13.","Design","CyclomaticComplexity"
"1","org.apache.commons.lang3","..\dataset\projects\commons-lang\src\main\java\org\apache\commons\lang3\CharSet.java","3","193","The method 'add(String)' has a cyclomatic complexity of 10.","Design","CyclomaticComplexity"
"1","org.apache.commons.lang3","..\dataset\projects\commons-lang\src\main\java\org\apache\commons\lang3\CharUtils.java","3","32","This class has too many methods, consider refactoring it.","Design","TooManyMethods"
"1","org.apache.commons.lang3","..\dataset\projects\commons-lang\src\main\java\org\apache\commons\lang3\ClassUtils.java","3","51","Possible God Class (WMC=194, ATFD=82, TCC=0.302%)","Design","GodClass"
"2","org.apache.commons.lang3","..\dataset\projects\commons-lang\src\main\java\org\apache\commons\lang3\ClassUtils.java","3","51","The class 'ClassUtils' has a total cyclomatic complexity of 194 (highest 21).","Design","CyclomaticComplexity"
"3","org.apache.commons.lang3","..\dataset\projects\commons-lang\src\main\java\org\apache\commons\lang3\ClassUtils.java","3","51","This class has too many methods, consider refactoring it.","Design","TooManyMethods"
"4","org.apache.commons.lang3","..\dataset\projects\commons-lang\src\main\java\org\apache\commons\lang3\ClassUtils.java","3","328","The method 'getAbbreviatedName(String, int)' has a cyclomatic complexity of 11.","Design","CyclomaticComplexity"
"5","org.apache.commons.lang3","..\dataset\projects\commons-lang\src\main\java\org\apache\commons\lang3\ClassUtils.java","3","502","The method 'getCanonicalName(String)' has a cyclomatic complexity of 18.","Design","CyclomaticComplexity"
"6","org.apache.commons.lang3","..\dataset\projects\commons-lang\src\main\java\org\apache\commons\lang3\ClassUtils.java","3","1343","The method 'isAssignable(Class<?>, Class<?>, boolean)' has a cyclomatic complexity of 21.","Design","CyclomaticComplexity"
"7","org.apache.commons.lang3","..\dataset\projects\commons-lang\src\main\java\org\apache\commons\lang3\ClassUtils.java","3","1615","The method 'toCleanName(String)' has a cyclomatic complexity of 20.","Design","CyclomaticComplexity"
"1","org.apache.commons.lang3","..\dataset\projects\commons-lang\src\main\java\org\apache\commons\lang3\Conversion.java","3","62","Possible God Class (WMC=340, ATFD=29, TCC=0.116%)","Design","GodClass"
"2","org.apache.commons.lang3","..\dataset\projects\commons-lang\src\main\java\org\apache\commons\lang3\Conversion.java","3","62","The class 'Conversion' has a total cyclomatic complexity of 340 (highest 24).","Design","CyclomaticComplexity"
"3","org.apache.commons.lang3","..\dataset\projects\commons-lang\src\main\java\org\apache\commons\lang3\Conversion.java","3","62","This class has too many methods, consider refactoring it.","Design","TooManyMethods"
"4","org.apache.commons.lang3","..\dataset\projects\commons-lang\src\main\java\org\apache\commons\lang3\Conversion.java","3","111","The method 'binaryBeMsb0ToHexDigit(boolean[], int)' has a cyclomatic complexity of 23.","Design","CyclomaticComplexity"
"5","org.apache.commons.lang3","..\dataset\projects\commons-lang\src\main\java\org\apache\commons\lang3\Conversion.java","3","205","The method 'binaryToHexDigit(boolean[], int)' has a cyclomatic complexity of 21.","Design","CyclomaticComplexity"
"6","org.apache.commons.lang3","..\dataset\projects\commons-lang\src\main\java\org\apache\commons\lang3\Conversion.java","3","262","The method 'binaryToHexDigitMsb0_4bits(boolean[], int)' has a cyclomatic complexity of 20.","Design","CyclomaticComplexity"
"7","org.apache.commons.lang3","..\dataset\projects\commons-lang\src\main\java\org\apache\commons\lang3\Conversion.java","3","561","The method 'hexDigitMsb0ToBinary(char)' has a cyclomatic complexity of 24.","Design","CyclomaticComplexity"
"8","org.apache.commons.lang3","..\dataset\projects\commons-lang\src\main\java\org\apache\commons\lang3\Conversion.java","3","617","The method 'hexDigitMsb0ToInt(char)' has a cyclomatic complexity of 24.","Design","CyclomaticComplexity"
"9","org.apache.commons.lang3","..\dataset\projects\commons-lang\src\main\java\org\apache\commons\lang3\Conversion.java","3","673","The method 'hexDigitToBinary(char)' has a cyclomatic complexity of 24.","Design","CyclomaticComplexity"
"10","org.apache.commons.lang3","..\dataset\projects\commons-lang\src\main\java\org\apache\commons\lang3\Conversion.java","3","1009","The method 'intToHexDigitMsb0(int)' has a cyclomatic complexity of 18.","Design","CyclomaticComplexity"
"1","org.apache.commons.lang3","..\dataset\projects\commons-lang\src\main\java\org\apache\commons\lang3\EnumUtils.java","3","17","A value of 22 may denote a high amount of coupling within the class (threshold: 20)","Design","CouplingBetweenObjects"
"2","org.apache.commons.lang3","..\dataset\projects\commons-lang\src\main\java\org\apache\commons\lang3\EnumUtils.java","3","40","This class has too many methods, consider refactoring it.","Design","TooManyMethods"
"1","org.apache.commons.lang3","..\dataset\projects\commons-lang\src\main\java\org\apache\commons\lang3\Functions.java","3","17","A value of 47 may denote a high amount of coupling within the class (threshold: 20)","Design","CouplingBetweenObjects"
"2","org.apache.commons.lang3","..\dataset\projects\commons-lang\src\main\java\org\apache\commons\lang3\Functions.java","3","76","This class has too many methods, consider refactoring it.","Design","TooManyMethods"
"1","org.apache.commons.lang3","..\dataset\projects\commons-lang\src\main\java\org\apache\commons\lang3\JavaVersion.java","3","226","The method 'get(String)' has a cyclomatic complexity of 33.","Design","CyclomaticComplexity"
"1","org.apache.commons.lang3","..\dataset\projects\commons-lang\src\main\java\org\apache\commons\lang3\LocaleUtils.java","3","44","Possible God Class (WMC=60, ATFD=17, TCC=0.526%)","Design","GodClass"
"2","org.apache.commons.lang3","..\dataset\projects\commons-lang\src\main\java\org\apache\commons\lang3\LocaleUtils.java","3","44","This class has too many methods, consider refactoring it.","Design","TooManyMethods"
"3","org.apache.commons.lang3","..\dataset\projects\commons-lang\src\main\java\org\apache\commons\lang3\LocaleUtils.java","3","331","The method 'parseLocale(String)' has a cyclomatic complexity of 17.","Design","CyclomaticComplexity"
"4","org.apache.commons.lang3","..\dataset\projects\commons-lang\src\main\java\org\apache\commons\lang3\LocaleUtils.java","3","410","The method 'toLocale(String)' has a cyclomatic complexity of 17.","Design","CyclomaticComplexity"
"1","org.apache.commons.lang3","..\dataset\projects\commons-lang\src\main\java\org\apache\commons\lang3\ObjectUtils.java","3","17","A value of 36 may denote a high amount of coupling within the class (threshold: 20)","Design","CouplingBetweenObjects"
"2","org.apache.commons.lang3","..\dataset\projects\commons-lang\src\main\java\org\apache\commons\lang3\ObjectUtils.java","3","63","Possible God Class (WMC=97, ATFD=23, TCC=0.784%)","Design","GodClass"
"3","org.apache.commons.lang3","..\dataset\projects\commons-lang\src\main\java\org\apache\commons\lang3\ObjectUtils.java","3","63","The class 'ObjectUtils' has a total cyclomatic complexity of 97 (highest 7).","Design","CyclomaticComplexity"
"4","org.apache.commons.lang3","..\dataset\projects\commons-lang\src\main\java\org\apache\commons\lang3\ObjectUtils.java","3","63","This class has too many methods, consider refactoring it.","Design","TooManyMethods"
"1","org.apache.commons.lang3","..\dataset\projects\commons-lang\src\main\java\org\apache\commons\lang3\RandomStringUtils.java","3","81","The class 'RandomStringUtils' has a total cyclomatic complexity of 134 (highest 88).","Design","CyclomaticComplexity"
"2","org.apache.commons.lang3","..\dataset\projects\commons-lang\src\main\java\org\apache\commons\lang3\RandomStringUtils.java","3","81","This class has too many methods, consider refactoring it.","Design","TooManyMethods"
"3","org.apache.commons.lang3","..\dataset\projects\commons-lang\src\main\java\org\apache\commons\lang3\RandomStringUtils.java","3","255","The method 'random(int, int, int, boolean, boolean, char[], Random)' has a cyclomatic complexity of 88.","Design","CyclomaticComplexity"
"1","org.apache.commons.lang3","..\dataset\projects\commons-lang\src\main\java\org\apache\commons\lang3\RandomUtils.java","3","71","This class has too many methods, consider refactoring it.","Design","TooManyMethods"
"1","org.apache.commons.lang3","..\dataset\projects\commons-lang\src\main\java\org\apache\commons\lang3\Range.java","3","38","This class has too many methods, consider refactoring it.","Design","TooManyMethods"
"1","org.apache.commons.lang3","..\dataset\projects\commons-lang\src\main\java\org\apache\commons\lang3\RegExUtils.java","3","29","This class has too many methods, consider refactoring it.","Design","TooManyMethods"
"1","org.apache.commons.lang3","..\dataset\projects\commons-lang\src\main\java\org\apache\commons\lang3\Streams.java","3","17","A value of 21 may denote a high amount of coupling within the class (threshold: 20)","Design","CouplingBetweenObjects"
"2","org.apache.commons.lang3","..\dataset\projects\commons-lang\src\main\java\org\apache\commons\lang3\Streams.java","3","131","This class has too many methods, consider refactoring it.","Design","TooManyMethods"
"1","org.apache.commons.lang3","..\dataset\projects\commons-lang\src\main\java\org\apache\commons\lang3\StringEscapeUtils.java","3","45","This class has too many methods, consider refactoring it.","Design","TooManyMethods"
"1","org.apache.commons.lang3","..\dataset\projects\commons-lang\src\main\java\org\apache\commons\lang3\StringUtils.java","3","126","Possible God Class (WMC=873, ATFD=55, TCC=3.727%)","Design","GodClass"
"2","org.apache.commons.lang3","..\dataset\projects\commons-lang\src\main\java\org\apache\commons\lang3\StringUtils.java","3","126","The class 'StringUtils' has a total cyclomatic complexity of 873 (highest 31).","Design","CyclomaticComplexity"
"3","org.apache.commons.lang3","..\dataset\projects\commons-lang\src\main\java\org\apache\commons\lang3\StringUtils.java","3","126","This class has too many methods, consider refactoring it.","Design","TooManyMethods"
"4","org.apache.commons.lang3","..\dataset\projects\commons-lang\src\main\java\org\apache\commons\lang3\StringUtils.java","3","354","The method 'abbreviate(String, String, int, int)' has a cyclomatic complexity of 10.","Design","CyclomaticComplexity"
"5","org.apache.commons.lang3","..\dataset\projects\commons-lang\src\main\java\org\apache\commons\lang3\StringUtils.java","3","1063","The method 'containsAny(CharSequence, char[])' has a cyclomatic complexity of 10.","Design","CyclomaticComplexity"
"6","org.apache.commons.lang3","..\dataset\projects\commons-lang\src\main\java\org\apache\commons\lang3\StringUtils.java","3","1233","The method 'containsNone(CharSequence, char[])' has a cyclomatic complexity of 10.","Design","CyclomaticComplexity"
"7","org.apache.commons.lang3","..\dataset\projects\commons-lang\src\main\java\org\apache\commons\lang3\StringUtils.java","3","1386","The method 'convertRemainingAccentCharacters(StringBuilder)' has a cyclomatic complexity of 17.","Design","CyclomaticComplexity"
"8","org.apache.commons.lang3","..\dataset\projects\commons-lang\src\main\java\org\apache\commons\lang3\StringUtils.java","3","2106","The method 'getFuzzyDistance(CharSequence, CharSequence, Locale)' has a cyclomatic complexity of 11.","Design","CyclomaticComplexity"
"9","org.apache.commons.lang3","..\dataset\projects\commons-lang\src\main\java\org\apache\commons\lang3\StringUtils.java","3","2308","The method 'getLevenshteinDistance(CharSequence, CharSequence)' has a cyclomatic complexity of 11.","Design","CyclomaticComplexity"
"10","org.apache.commons.lang3","..\dataset\projects\commons-lang\src\main\java\org\apache\commons\lang3\StringUtils.java","3","2400","The method 'getLevenshteinDistance(CharSequence, CharSequence, int)' has a cyclomatic complexity of 20.","Design","CyclomaticComplexity"
"11","org.apache.commons.lang3","..\dataset\projects\commons-lang\src\main\java\org\apache\commons\lang3\StringUtils.java","3","2806","The method 'indexOfAny(CharSequence, int, char[])' has a cyclomatic complexity of 10.","Design","CyclomaticComplexity"
"12","org.apache.commons.lang3","..\dataset\projects\commons-lang\src\main\java\org\apache\commons\lang3\StringUtils.java","3","2962","The method 'indexOfDifference(CharSequence[])' has a cyclomatic complexity of 14.","Design","CyclomaticComplexity"
"13","org.apache.commons.lang3","..\dataset\projects\commons-lang\src\main\java\org\apache\commons\lang3\StringUtils.java","3","5292","The method 'matches(CharSequence, CharSequence)' has a cyclomatic complexity of 14.","Design","CyclomaticComplexity"
"14","org.apache.commons.lang3","..\dataset\projects\commons-lang\src\main\java\org\apache\commons\lang3\StringUtils.java","3","5530","The method 'ordinalIndexOf(CharSequence, CharSequence, int, boolean)' has a cyclomatic complexity of 10.","Design","CyclomaticComplexity"
"15","org.apache.commons.lang3","..\dataset\projects\commons-lang\src\main\java\org\apache\commons\lang3\StringUtils.java","3","6105","The method 'repeat(String, int)' has a cyclomatic complexity of 13.","Design","CyclomaticComplexity"
"16","org.apache.commons.lang3","..\dataset\projects\commons-lang\src\main\java\org\apache\commons\lang3\StringUtils.java","3","6448","The method 'replaceEach(String, String[], String[], boolean, int)' has a cyclomatic complexity of 31.","Design","CyclomaticComplexity"
"17","org.apache.commons.lang3","..\dataset\projects\commons-lang\src\main\java\org\apache\commons\lang3\StringUtils.java","3","7402","The method 'splitByWholeSeparatorWorker(String, String, int, boolean)' has a cyclomatic complexity of 11.","Design","CyclomaticComplexity"
"18","org.apache.commons.lang3","..\dataset\projects\commons-lang\src\main\java\org\apache\commons\lang3\StringUtils.java","3","7610","The method 'splitWorker(String, char, boolean)' has a cyclomatic complexity of 10.","Design","CyclomaticComplexity"
"19","org.apache.commons.lang3","..\dataset\projects\commons-lang\src\main\java\org\apache\commons\lang3\StringUtils.java","3","7654","The method 'splitWorker(String, String, int, boolean)' has a cyclomatic complexity of 23.","Design","CyclomaticComplexity"
"1","org.apache.commons.lang3","..\dataset\projects\commons-lang\src\main\java\org\apache\commons\lang3\Strings.java","3","32","This class has too many methods, consider refactoring it.","Design","TooManyMethods"
"2","org.apache.commons.lang3","..\dataset\projects\commons-lang\src\main\java\org\apache\commons\lang3\Strings.java","3","1291","The method 'replace(String, String, String, int)' has a cyclomatic complexity of 10.","Design","CyclomaticComplexity"
"1","org.apache.commons.lang3","..\dataset\projects\commons-lang\src\main\java\org\apache\commons\lang3\SystemProperties.java","3","35","The class 'SystemProperties' has a total cyclomatic complexity of 214 (highest 3).","Design","CyclomaticComplexity"
"1","org.apache.commons.lang3","..\dataset\projects\commons-lang\src\main\java\org\apache\commons\lang3\ThreadUtils.java","3","42","This class has too many methods, consider refactoring it.","Design","TooManyMethods"
"1","org.apache.commons.lang3","..\dataset\projects\commons-lang\src\main\java\org\apache\commons\lang3\Validate.java","3","17","A value of 22 may denote a high amount of coupling within the class (threshold: 20)","Design","CouplingBetweenObjects"
"2","org.apache.commons.lang3","..\dataset\projects\commons-lang\src\main\java\org\apache\commons\lang3\Validate.java","3","49","Possible God Class (WMC=150, ATFD=7, TCC=0.435%)","Design","GodClass"
"3","org.apache.commons.lang3","..\dataset\projects\commons-lang\src\main\java\org\apache\commons\lang3\Validate.java","3","49","The class 'Validate' has a total cyclomatic complexity of 150 (highest 5).","Design","CyclomaticComplexity"
"4","org.apache.commons.lang3","..\dataset\projects\commons-lang\src\main\java\org\apache\commons\lang3\Validate.java","3","49","This class has too many methods, consider refactoring it.","Design","TooManyMethods"
"1","org.apache.commons.lang3.builder","..\dataset\projects\commons-lang\src\main\java\org\apache\commons\lang3\builder\CompareToBuilder.java","3","103","The class 'CompareToBuilder' has a total cyclomatic complexity of 148 (highest 9).","Design","CyclomaticComplexity"
"2","org.apache.commons.lang3.builder","..\dataset\projects\commons-lang\src\main\java\org\apache\commons\lang3\builder\CompareToBuilder.java","3","103","This class has too many methods, consider refactoring it.","Design","TooManyMethods"
"1","org.apache.commons.lang3.builder","..\dataset\projects\commons-lang\src\main\java\org\apache\commons\lang3\builder\DiffBuilder.java","3","75","This class has too many methods, consider refactoring it.","Design","TooManyMethods"
"2","org.apache.commons.lang3.builder","..\dataset\projects\commons-lang\src\main\java\org\apache\commons\lang3\builder\DiffBuilder.java","3","513","The method 'append(String, Object, Object)' has a cyclomatic complexity of 14.","Design","CyclomaticComplexity"
"1","org.apache.commons.lang3.builder","..\dataset\projects\commons-lang\src\main\java\org\apache\commons\lang3\builder\EqualsBuilder.java","3","92","The class 'EqualsBuilder' has a total cyclomatic complexity of 160 (highest 16).","Design","CyclomaticComplexity"
"2","org.apache.commons.lang3.builder","..\dataset\projects\commons-lang\src\main\java\org\apache\commons\lang3\builder\EqualsBuilder.java","3","92","This class has too many methods, consider refactoring it.","Design","TooManyMethods"
"3","org.apache.commons.lang3.builder","..\dataset\projects\commons-lang\src\main\java\org\apache\commons\lang3\builder\EqualsBuilder.java","3","848","The method 'appendArray(Object, Object)' has a cyclomatic complexity of 10.","Design","CyclomaticComplexity"
"4","org.apache.commons.lang3.builder","..\dataset\projects\commons-lang\src\main\java\org\apache\commons\lang3\builder\EqualsBuilder.java","3","942","The method 'reflectionAppend(Object, Object)' has a cyclomatic complexity of 16.","Design","CyclomaticComplexity"
"5","org.apache.commons.lang3.builder","..\dataset\projects\commons-lang\src\main\java\org\apache\commons\lang3\builder\EqualsBuilder.java","3","1009","The method 'reflectionAppend(Object, Object, Class<?>)' has a cyclomatic complexity of 11.","Design","CyclomaticComplexity"
"1","org.apache.commons.lang3.builder","..\dataset\projects\commons-lang\src\main\java\org\apache\commons\lang3\builder\HashCodeBuilder.java","3","109","Possible God Class (WMC=83, ATFD=17, TCC=30.476%)","Design","GodClass"
"2","org.apache.commons.lang3.builder","..\dataset\projects\commons-lang\src\main\java\org\apache\commons\lang3\builder\HashCodeBuilder.java","3","109","The class 'HashCodeBuilder' has a total cyclomatic complexity of 83 (highest 10).","Design","CyclomaticComplexity"
"3","org.apache.commons.lang3.builder","..\dataset\projects\commons-lang\src\main\java\org\apache\commons\lang3\builder\HashCodeBuilder.java","3","109","This class has too many methods, consider refactoring it.","Design","TooManyMethods"
"4","org.apache.commons.lang3.builder","..\dataset\projects\commons-lang\src\main\java\org\apache\commons\lang3\builder\HashCodeBuilder.java","3","235","The method 'reflectionAppend(Object, Class<?>, HashCodeBuilder, boolean, String[], boolean)' has a cyclomatic complexity of 10.","Design","CyclomaticComplexity"
"1","org.apache.commons.lang3.builder","..\dataset\projects\commons-lang\src\main\java\org\apache\commons\lang3\builder\MultilineRecursiveToStringStyle.java","3","65","This class has too many methods, consider refactoring it.","Design","TooManyMethods"
"1","org.apache.commons.lang3.builder","..\dataset\projects\commons-lang\src\main\java\org\apache\commons\lang3\builder\ReflectionToStringBuilder.java","3","100","Possible God Class (WMC=63, ATFD=15, TCC=3.908%)","Design","GodClass"
"2","org.apache.commons.lang3.builder","..\dataset\projects\commons-lang\src\main\java\org\apache\commons\lang3\builder\ReflectionToStringBuilder.java","3","100","This class has too many methods, consider refactoring it.","Design","TooManyMethods"
"1","org.apache.commons.lang3.builder","..\dataset\projects\commons-lang\src\main\java\org\apache\commons\lang3\builder\ToStringBuilder.java","3","95","This class has too many methods, consider refactoring it.","Design","TooManyMethods"
"1","org.apache.commons.lang3.builder","..\dataset\projects\commons-lang\src\main\java\org\apache\commons\lang3\builder\ToStringStyle.java","3","70","Possible God Class (WMC=205, ATFD=30, TCC=0.338%)","Design","GodClass"
"2","org.apache.commons.lang3.builder","..\dataset\projects\commons-lang\src\main\java\org\apache\commons\lang3\builder\ToStringStyle.java","3","70","The class 'ToStringStyle' has a total cyclomatic complexity of 205 (highest 28).","Design","CyclomaticComplexity"
"3","org.apache.commons.lang3.builder","..\dataset\projects\commons-lang\src\main\java\org\apache\commons\lang3\builder\ToStringStyle.java","3","70","This class has too many methods, consider refactoring it.","Design","TooManyMethods"
"4","org.apache.commons.lang3.builder","..\dataset\projects\commons-lang\src\main\java\org\apache\commons\lang3\builder\ToStringStyle.java","3","70","Too many fields","Design","TooManyFields"
"5","org.apache.commons.lang3.builder","..\dataset\projects\commons-lang\src\main\java\org\apache\commons\lang3\builder\ToStringStyle.java","3","118","This class has too many methods, consider refactoring it.","Design","TooManyMethods"
"6","org.apache.commons.lang3.builder","..\dataset\projects\commons-lang\src\main\java\org\apache\commons\lang3\builder\ToStringStyle.java","3","1507","The method 'appendInternal(StringBuffer, String, Object, boolean)' has a cyclomatic complexity of 28.","Design","CyclomaticComplexity"
"1","org.apache.commons.lang3.concurrent","..\dataset\projects\commons-lang\src\main\java\org\apache\commons\lang3\concurrent\ConcurrentUtils.java","3","17","A value of 22 may denote a high amount of coupling within the class (threshold: 20)","Design","CouplingBetweenObjects"
"2","org.apache.commons.lang3.concurrent","..\dataset\projects\commons-lang\src\main\java\org\apache\commons\lang3\concurrent\ConcurrentUtils.java","3","33","This class has too many methods, consider refactoring it.","Design","TooManyMethods"
"1","org.apache.commons.lang3.concurrent","..\dataset\projects\commons-lang\src\main\java\org\apache\commons\lang3\concurrent\EventCountCircuitBreaker.java","3","139","This class has too many methods, consider refactoring it.","Design","TooManyMethods"
"1","org.apache.commons.lang3.concurrent.locks","..\dataset\projects\commons-lang\src\main\java\org\apache\commons\lang3\concurrent\locks\LockingVisitors.java","3","17","A value of 40 may denote a high amount of coupling within the class (threshold: 20)","Design","CouplingBetweenObjects"
"1","org.apache.commons.lang3.exception","..\dataset\projects\commons-lang\src\main\java\org\apache\commons\lang3\exception\ExceptionUtils.java","3","44","Possible God Class (WMC=96, ATFD=19, TCC=0.244%)","Design","GodClass"
"2","org.apache.commons.lang3.exception","..\dataset\projects\commons-lang\src\main\java\org\apache\commons\lang3\exception\ExceptionUtils.java","3","44","The class 'ExceptionUtils' has a total cyclomatic complexity of 96 (highest 10).","Design","CyclomaticComplexity"
"3","org.apache.commons.lang3.exception","..\dataset\projects\commons-lang\src\main\java\org\apache\commons\lang3\exception\ExceptionUtils.java","3","44","This class has too many methods, consider refactoring it.","Design","TooManyMethods"
"4","org.apache.commons.lang3.exception","..\dataset\projects\commons-lang\src\main\java\org\apache\commons\lang3\exception\ExceptionUtils.java","3","576","The method 'indexOf(Throwable, Class<? extends Throwable>, int, boolean)' has a cyclomatic complexity of 10.","Design","CyclomaticComplexity"
"5","org.apache.commons.lang3.exception","..\dataset\projects\commons-lang\src\main\java\org\apache\commons\lang3\exception\ExceptionUtils.java","3","912","The method 'throwableOf(Throwable, Class<T>, int, boolean)' has a cyclomatic complexity of 10.","Design","CyclomaticComplexity"
"1","org.apache.commons.lang3.function","..\dataset\projects\commons-lang\src\main\java\org\apache\commons\lang3\function\Failable.java","3","18","A value of 68 may denote a high amount of coupling within the class (threshold: 20)","Design","CouplingBetweenObjects"
"2","org.apache.commons.lang3.function","..\dataset\projects\commons-lang\src\main\java\org\apache\commons\lang3\function\Failable.java","3","73","This class has too many methods, consider refactoring it.","Design","TooManyMethods"
"3","org.apache.commons.lang3.function","..\dataset\projects\commons-lang\src\main\java\org\apache\commons\lang3\function\Failable.java","3","630","The method 'tryWithResources(FailableRunnable<? extends Throwable>, FailableConsumer<Throwable, ? extends Throwable>, FailableRunnable<? extends Throwable>[])' has a cyclomatic complexity of 10.","Design","CyclomaticComplexity"
"1","org.apache.commons.lang3.function","..\dataset\projects\commons-lang\src\main\java\org\apache\commons\lang3\function\MethodInvokers.java","3","71","This class has too many methods, consider refactoring it.","Design","TooManyMethods"
"1","org.apache.commons.lang3.math","..\dataset\projects\commons-lang\src\main\java\org\apache\commons\lang3\math\Fraction.java","3","38","The class 'Fraction' has a total cyclomatic complexity of 149 (highest 19).","Design","CyclomaticComplexity"
"2","org.apache.commons.lang3.math","..\dataset\projects\commons-lang\src\main\java\org\apache\commons\lang3\math\Fraction.java","3","38","This class has too many methods, consider refactoring it.","Design","TooManyMethods"
"3","org.apache.commons.lang3.math","..\dataset\projects\commons-lang\src\main\java\org\apache\commons\lang3\math\Fraction.java","3","137","The method 'getFraction(double)' has a cyclomatic complexity of 11.","Design","CyclomaticComplexity"
"4","org.apache.commons.lang3.math","..\dataset\projects\commons-lang\src\main\java\org\apache\commons\lang3\math\Fraction.java","3","225","The method 'getFraction(int, int, int)' has a cyclomatic complexity of 11.","Design","CyclomaticComplexity"
"5","org.apache.commons.lang3.math","..\dataset\projects\commons-lang\src\main\java\org\apache\commons\lang3\math\Fraction.java","3","315","The method 'getReducedFraction(int, int)' has a cyclomatic complexity of 10.","Design","CyclomaticComplexity"
"6","org.apache.commons.lang3.math","..\dataset\projects\commons-lang\src\main\java\org\apache\commons\lang3\math\Fraction.java","3","351","The method 'greatestCommonDivisor(int, int)' has a cyclomatic complexity of 19.","Design","CyclomaticComplexity"
"7","org.apache.commons.lang3.math","..\dataset\projects\commons-lang\src\main\java\org\apache\commons\lang3\math\Fraction.java","3","545","The method 'addSub(Fraction, boolean)' has a cyclomatic complexity of 10.","Design","CyclomaticComplexity"
"1","org.apache.commons.lang3.math","..\dataset\projects\commons-lang\src\main\java\org\apache\commons\lang3\math\IEEE754rUtils.java","3","30","This class has too many methods, consider refactoring it.","Design","TooManyMethods"
"1","org.apache.commons.lang3.math","..\dataset\projects\commons-lang\src\main\java\org\apache\commons\lang3\math\NumberUtils.java","3","34","Possible God Class (WMC=222, ATFD=19, TCC=0.271%)","Design","GodClass"
"2","org.apache.commons.lang3.math","..\dataset\projects\commons-lang\src\main\java\org\apache\commons\lang3\math\NumberUtils.java","3","34","The class 'NumberUtils' has a total cyclomatic complexity of 222 (highest 70).","Design","CyclomaticComplexity"
"3","org.apache.commons.lang3.math","..\dataset\projects\commons-lang\src\main\java\org\apache\commons\lang3\math\NumberUtils.java","3","34","This class has too many methods, consider refactoring it.","Design","TooManyMethods"
"4","org.apache.commons.lang3.math","..\dataset\projects\commons-lang\src\main\java\org\apache\commons\lang3\math\NumberUtils.java","3","208","The method 'createBigInteger(String)' has a cyclomatic complexity of 12.","Design","CyclomaticComplexity"
"5","org.apache.commons.lang3.math","..\dataset\projects\commons-lang\src\main\java\org\apache\commons\lang3\math\NumberUtils.java","3","350","The method 'createNumber(String)' has a cyclomatic complexity of 70.","Design","CyclomaticComplexity"
"1","org.apache.commons.lang3.mutable","..\dataset\projects\commons-lang\src\main\java\org\apache\commons\lang3\mutable\MutableByte.java","3","34","This class has too many methods, consider refactoring it.","Design","TooManyMethods"
"1","org.apache.commons.lang3.mutable","..\dataset\projects\commons-lang\src\main\java\org\apache\commons\lang3\mutable\MutableDouble.java","3","36","This class has too many methods, consider refactoring it.","Design","TooManyMethods"
"1","org.apache.commons.lang3.mutable","..\dataset\projects\commons-lang\src\main\java\org\apache\commons\lang3\mutable\MutableFloat.java","3","36","This class has too many methods, consider refactoring it.","Design","TooManyMethods"
"1","org.apache.commons.lang3.mutable","..\dataset\projects\commons-lang\src\main\java\org\apache\commons\lang3\mutable\MutableInt.java","3","34","This class has too many methods, consider refactoring it.","Design","TooManyMethods"
"1","org.apache.commons.lang3.mutable","..\dataset\projects\commons-lang\src\main\java\org\apache\commons\lang3\mutable\MutableLong.java","3","34","This class has too many methods, consider refactoring it.","Design","TooManyMethods"
"1","org.apache.commons.lang3.mutable","..\dataset\projects\commons-lang\src\main\java\org\apache\commons\lang3\mutable\MutableShort.java","3","34","This class has too many methods, consider refactoring it.","Design","TooManyMethods"
"1","org.apache.commons.lang3.reflect","..\dataset\projects\commons-lang\src\main\java\org\apache\commons\lang3\reflect\FieldUtils.java","3","46","Possible God Class (WMC=54, ATFD=27, TCC=0.000%)","Design","GodClass"
"2","org.apache.commons.lang3.reflect","..\dataset\projects\commons-lang\src\main\java\org\apache\commons\lang3\reflect\FieldUtils.java","3","46","This class has too many methods, consider refactoring it.","Design","TooManyMethods"
"1","org.apache.commons.lang3.reflect","..\dataset\projects\commons-lang\src\main\java\org\apache\commons\lang3\reflect\MethodUtils.java","3","68","Possible God Class (WMC=111, ATFD=60, TCC=0.000%)","Design","GodClass"
"2","org.apache.commons.lang3.reflect","..\dataset\projects\commons-lang\src\main\java\org\apache\commons\lang3\reflect\MethodUtils.java","3","68","The class 'MethodUtils' has a total cyclomatic complexity of 111 (highest 19).","Design","CyclomaticComplexity"
"3","org.apache.commons.lang3.reflect","..\dataset\projects\commons-lang\src\main\java\org\apache\commons\lang3\reflect\MethodUtils.java","3","68","This class has too many methods, consider refactoring it.","Design","TooManyMethods"
"4","org.apache.commons.lang3.reflect","..\dataset\projects\commons-lang\src\main\java\org\apache\commons\lang3\reflect\MethodUtils.java","3","265","The method 'getAnnotation(Method, Class<A>, boolean, boolean)' has a cyclomatic complexity of 19.","Design","CyclomaticComplexity"
"5","org.apache.commons.lang3.reflect","..\dataset\projects\commons-lang\src\main\java\org\apache\commons\lang3\reflect\MethodUtils.java","3","364","The method 'getMatchingAccessibleMethod(Class<?>, String, Class<?>[])' has a cyclomatic complexity of 10.","Design","CyclomaticComplexity"
"1","org.apache.commons.lang3.reflect","..\dataset\projects\commons-lang\src\main\java\org\apache\commons\lang3\reflect\TypeUtils.java","3","49","Possible God Class (WMC=280, ATFD=142, TCC=0.242%)","Design","GodClass"
"2","org.apache.commons.lang3.reflect","..\dataset\projects\commons-lang\src\main\java\org\apache\commons\lang3\reflect\TypeUtils.java","3","49","The class 'TypeUtils' has a total cyclomatic complexity of 280 (highest 20).","Design","CyclomaticComplexity"
"3","org.apache.commons.lang3.reflect","..\dataset\projects\commons-lang\src\main\java\org\apache\commons\lang3\reflect\TypeUtils.java","3","49","This class has too many methods, consider refactoring it.","Design","TooManyMethods"
"4","org.apache.commons.lang3.reflect","..\dataset\projects\commons-lang\src\main\java\org\apache\commons\lang3\reflect\TypeUtils.java","3","711","The method 'getRawType(Type, Type)' has a cyclomatic complexity of 12.","Design","CyclomaticComplexity"
"5","org.apache.commons.lang3.reflect","..\dataset\projects\commons-lang\src\main\java\org\apache\commons\lang3\reflect\TypeUtils.java","3","896","The method 'getTypeArguments(Type, Class<?>, Map<TypeVariable<?>, Type>)' has a cyclomatic complexity of 12.","Design","CyclomaticComplexity"
"6","org.apache.commons.lang3.reflect","..\dataset\projects\commons-lang\src\main\java\org\apache\commons\lang3\reflect\TypeUtils.java","3","947","The method 'isAssignable(Type, Class<?>)' has a cyclomatic complexity of 12.","Design","CyclomaticComplexity"
"7","org.apache.commons.lang3.reflect","..\dataset\projects\commons-lang\src\main\java\org\apache\commons\lang3\reflect\TypeUtils.java","3","1002","The method 'isAssignable(Type, GenericArrayType, Map<TypeVariable<?>, Type>)' has a cyclomatic complexity of 14.","Design","CyclomaticComplexity"
"8","org.apache.commons.lang3.reflect","..\dataset\projects\commons-lang\src\main\java\org\apache\commons\lang3\reflect\TypeUtils.java","3","1061","The method 'isAssignable(Type, ParameterizedType, Map<TypeVariable<?>, Type>)' has a cyclomatic complexity of 20.","Design","CyclomaticComplexity"
"9","org.apache.commons.lang3.reflect","..\dataset\projects\commons-lang\src\main\java\org\apache\commons\lang3\reflect\TypeUtils.java","3","1171","The method 'isAssignable(Type, TypeVariable<?>, Map<TypeVariable<?>, Type>)' has a cyclomatic complexity of 12.","Design","CyclomaticComplexity"
"10","org.apache.commons.lang3.reflect","..\dataset\projects\commons-lang\src\main\java\org\apache\commons\lang3\reflect\TypeUtils.java","3","1209","The method 'isAssignable(Type, WildcardType, Map<TypeVariable<?>, Type>)' has a cyclomatic complexity of 15.","Design","CyclomaticComplexity"
"1","org.apache.commons.lang3.stream","..\dataset\projects\commons-lang\src\main\java\org\apache\commons\lang3\stream\Streams.java","3","17","A value of 46 may denote a high amount of coupling within the class (threshold: 20)","Design","CouplingBetweenObjects"
"2","org.apache.commons.lang3.stream","..\dataset\projects\commons-lang\src\main\java\org\apache\commons\lang3\stream\Streams.java","3","77","This class has too many methods, consider refactoring it.","Design","TooManyMethods"
"3","org.apache.commons.lang3.stream","..\dataset\projects\commons-lang\src\main\java\org\apache\commons\lang3\stream\Streams.java","3","172","This class has too many methods, consider refactoring it.","Design","TooManyMethods"
"1","org.apache.commons.lang3.text","..\dataset\projects\commons-lang\src\main\java\org\apache\commons\lang3\text\ExtendedMessageFormat.java","3","78","Possible God Class (WMC=77, ATFD=33, TCC=14.706%)","Design","GodClass"
"2","org.apache.commons.lang3.text","..\dataset\projects\commons-lang\src\main\java\org\apache\commons\lang3\text\ExtendedMessageFormat.java","3","78","This class has too many methods, consider refactoring it.","Design","TooManyMethods"
"3","org.apache.commons.lang3.text","..\dataset\projects\commons-lang\src\main\java\org\apache\commons\lang3\text\ExtendedMessageFormat.java","3","184","The method 'applyPattern(String)' has a cyclomatic complexity of 13.","Design","CyclomaticComplexity"
"4","org.apache.commons.lang3.text","..\dataset\projects\commons-lang\src\main\java\org\apache\commons\lang3\text\ExtendedMessageFormat.java","3","414","The method 'readArgumentIndex(String, ParsePosition)' has a cyclomatic complexity of 13.","Design","CyclomaticComplexity"
"1","org.apache.commons.lang3.text","..\dataset\projects\commons-lang\src\main\java\org\apache\commons\lang3\text\StrBuilder.java","3","86","Possible God Class (WMC=403, ATFD=17, TCC=26.623%)","Design","GodClass"
"2","org.apache.commons.lang3.text","..\dataset\projects\commons-lang\src\main\java\org\apache\commons\lang3\text\StrBuilder.java","3","86","The class 'StrBuilder' has a total cyclomatic complexity of 403 (highest 9).","Design","CyclomaticComplexity"
"3","org.apache.commons.lang3.text","..\dataset\projects\commons-lang\src\main\java\org\apache\commons\lang3\text\StrBuilder.java","3","86","This class has too many methods, consider refactoring it.","Design","TooManyMethods"
"4","org.apache.commons.lang3.text","..\dataset\projects\commons-lang\src\main\java\org\apache\commons\lang3\text\StrBuilder.java","3","134","The method 'read(char[], int, int)' has a cyclomatic complexity of 10.","Design","CyclomaticComplexity"
"1","org.apache.commons.lang3.text","..\dataset\projects\commons-lang\src\main\java\org\apache\commons\lang3\text\StrMatcher.java","3","39","This class has too many methods, consider refactoring it.","Design","TooManyMethods"
"1","org.apache.commons.lang3.text","..\dataset\projects\commons-lang\src\main\java\org\apache\commons\lang3\text\StrSubstitutor.java","3","149","Possible God Class (WMC=103, ATFD=7, TCC=0.909%)","Design","GodClass"
"2","org.apache.commons.lang3.text","..\dataset\projects\commons-lang\src\main\java\org\apache\commons\lang3\text\StrSubstitutor.java","3","149","The class 'StrSubstitutor' has a total cyclomatic complexity of 103 (highest 22).","Design","CyclomaticComplexity"
"3","org.apache.commons.lang3.text","..\dataset\projects\commons-lang\src\main\java\org\apache\commons\lang3\text\StrSubstitutor.java","3","149","This class has too many methods, consider refactoring it.","Design","TooManyMethods"
"4","org.apache.commons.lang3.text","..\dataset\projects\commons-lang\src\main\java\org\apache\commons\lang3\text\StrSubstitutor.java","3","1114","The method 'substitute(StrBuilder, int, int, List<String>)' has a cyclomatic complexity of 22.","Design","CyclomaticComplexity"
"1","org.apache.commons.lang3.text","..\dataset\projects\commons-lang\src\main\java\org\apache\commons\lang3\text\StrTokenizer.java","3","97","Possible God Class (WMC=111, ATFD=16, TCC=7.216%)","Design","GodClass"
"2","org.apache.commons.lang3.text","..\dataset\projects\commons-lang\src\main\java\org\apache\commons\lang3\text\StrTokenizer.java","3","97","The class 'StrTokenizer' has a total cyclomatic complexity of 111 (highest 10).","Design","CyclomaticComplexity"
"3","org.apache.commons.lang3.text","..\dataset\projects\commons-lang\src\main\java\org\apache\commons\lang3\text\StrTokenizer.java","3","97","This class has too many methods, consider refactoring it.","Design","TooManyMethods"
"4","org.apache.commons.lang3.text","..\dataset\projects\commons-lang\src\main\java\org\apache\commons\lang3\text\StrTokenizer.java","3","763","The method 'readWithQuotes(char[], int, int, StrBuilder, List<String>, int, int)' has a cyclomatic complexity of 10.","Design","CyclomaticComplexity"
"1","org.apache.commons.lang3.text","..\dataset\projects\commons-lang\src\main\java\org\apache\commons\lang3\text\WordUtils.java","3","38","Possible God Class (WMC=62, ATFD=7, TCC=0.000%)","Design","GodClass"
"2","org.apache.commons.lang3.text","..\dataset\projects\commons-lang\src\main\java\org\apache\commons\lang3\text\WordUtils.java","3","38","This class has too many methods, consider refactoring it.","Design","TooManyMethods"
"3","org.apache.commons.lang3.text","..\dataset\projects\commons-lang\src\main\java\org\apache\commons\lang3\text\WordUtils.java","3","631","The method 'wrap(String, int, String, boolean, String)' has a cyclomatic complexity of 15.","Design","CyclomaticComplexity"
"1","org.apache.commons.lang3.text.translate","..\dataset\projects\commons-lang\src\main\java\org\apache\commons\lang3\text\translate\EntityArrays.java","3","30","This class has too many methods, consider refactoring it.","Design","TooManyMethods"
"1","org.apache.commons.lang3.text.translate","..\dataset\projects\commons-lang\src\main\java\org\apache\commons\lang3\text\translate\NumericEntityUnescaper.java","3","107","The method 'translate(CharSequence, int, Writer)' has a cyclomatic complexity of 20.","Design","CyclomaticComplexity"
"1","org.apache.commons.lang3.text.translate","..\dataset\projects\commons-lang\src\main\java\org\apache\commons\lang3\text\translate\UnicodeUnescaper.java","3","46","The method 'translate(CharSequence, int, Writer)' has a cyclomatic complexity of 12.","Design","CyclomaticComplexity"
"1","org.apache.commons.lang3.time","..\dataset\projects\commons-lang\src\main\java\org\apache\commons\lang3\time\DateFormatUtils.java","3","39","This class has too many methods, consider refactoring it.","Design","TooManyMethods"
"1","org.apache.commons.lang3.time","..\dataset\projects\commons-lang\src\main\java\org\apache\commons\lang3\time\DateUtils.java","3","59","Possible God Class (WMC=148, ATFD=43, TCC=0.000%)","Design","GodClass"
"2","org.apache.commons.lang3.time","..\dataset\projects\commons-lang\src\main\java\org\apache\commons\lang3\time\DateUtils.java","3","59","The class 'DateUtils' has a total cyclomatic complexity of 148 (highest 35).","Design","CyclomaticComplexity"
"3","org.apache.commons.lang3.time","..\dataset\projects\commons-lang\src\main\java\org\apache\commons\lang3\time\DateUtils.java","3","59","This class has too many methods, consider refactoring it.","Design","TooManyMethods"
"4","org.apache.commons.lang3.time","..\dataset\projects\commons-lang\src\main\java\org\apache\commons\lang3\time\DateUtils.java","3","413","The method 'getFragment(Calendar, int, TimeUnit)' has a cyclomatic complexity of 13.","Design","CyclomaticComplexity"
"5","org.apache.commons.lang3.time","..\dataset\projects\commons-lang\src\main\java\org\apache\commons\lang3\time\DateUtils.java","3","973","The method 'iterator(Calendar, int)' has a cyclomatic complexity of 19.","Design","CyclomaticComplexity"
"6","org.apache.commons.lang3.time","..\dataset\projects\commons-lang\src\main\java\org\apache\commons\lang3\time\DateUtils.java","3","1109","The method 'modify(Calendar, int, ModifyType)' has a cyclomatic complexity of 35.","Design","CyclomaticComplexity"
"1","org.apache.commons.lang3.time","..\dataset\projects\commons-lang\src\main\java\org\apache\commons\lang3\time\DurationFormatUtils.java","3","92","Possible God Class (WMC=106, ATFD=13, TCC=12.727%)","Design","GodClass"
"2","org.apache.commons.lang3.time","..\dataset\projects\commons-lang\src\main\java\org\apache\commons\lang3\time\DurationFormatUtils.java","3","92","The class 'DurationFormatUtils' has a total cyclomatic complexity of 106 (highest 34).","Design","CyclomaticComplexity"
"3","org.apache.commons.lang3.time","..\dataset\projects\commons-lang\src\main\java\org\apache\commons\lang3\time\DurationFormatUtils.java","3","92","This class has too many methods, consider refactoring it.","Design","TooManyMethods"
"4","org.apache.commons.lang3.time","..\dataset\projects\commons-lang\src\main\java\org\apache\commons\lang3\time\DurationFormatUtils.java","3","247","The method 'format(Token[], long, long, long, long, long, long, long, boolean)' has a cyclomatic complexity of 34.","Design","CyclomaticComplexity"
"5","org.apache.commons.lang3.time","..\dataset\projects\commons-lang\src\main\java\org\apache\commons\lang3\time\DurationFormatUtils.java","3","526","The method 'formatPeriod(long, long, String, boolean, TimeZone)' has a cyclomatic complexity of 23.","Design","CyclomaticComplexity"
"6","org.apache.commons.lang3.time","..\dataset\projects\commons-lang\src\main\java\org\apache\commons\lang3\time\DurationFormatUtils.java","3","655","The method 'lexx(String)' has a cyclomatic complexity of 27.","Design","CyclomaticComplexity"
"1","org.apache.commons.lang3.time","..\dataset\projects\commons-lang\src\main\java\org\apache\commons\lang3\time\FastDateFormat.java","3","78","This class has too many methods, consider refactoring it.","Design","TooManyMethods"
"1","org.apache.commons.lang3.time","..\dataset\projects\commons-lang\src\main\java\org\apache\commons\lang3\time\FastDateParser.java","3","17","A value of 22 may denote a high amount of coupling within the class (threshold: 20)","Design","CouplingBetweenObjects"
"2","org.apache.commons.lang3.time","..\dataset\projects\commons-lang\src\main\java\org\apache\commons\lang3\time\FastDateParser.java","3","87","Possible God Class (WMC=78, ATFD=37, TCC=24.286%)","Design","GodClass"
"3","org.apache.commons.lang3.time","..\dataset\projects\commons-lang\src\main\java\org\apache\commons\lang3\time\FastDateParser.java","3","87","This class has too many methods, consider refactoring it.","Design","TooManyMethods"
"4","org.apache.commons.lang3.time","..\dataset\projects\commons-lang\src\main\java\org\apache\commons\lang3\time\FastDateParser.java","3","541","The constructor 'TimeZoneStrategy(Locale)' has a cyclomatic complexity of 11.","Design","CyclomaticComplexity"
"5","org.apache.commons.lang3.time","..\dataset\projects\commons-lang\src\main\java\org\apache\commons\lang3\time\FastDateParser.java","3","765","The method 'simpleQuote(StringBuilder, String)' has a cyclomatic complexity of 15.","Design","CyclomaticComplexity"
"6","org.apache.commons.lang3.time","..\dataset\projects\commons-lang\src\main\java\org\apache\commons\lang3\time\FastDateParser.java","3","926","The method 'getStrategy(char, int, Calendar)' has a cyclomatic complexity of 28.","Design","CyclomaticComplexity"
"1","org.apache.commons.lang3.time","..\dataset\projects\commons-lang\src\main\java\org\apache\commons\lang3\time\FastDatePrinter.java","3","84","Possible God Class (WMC=110, ATFD=23, TCC=8.172%)","Design","GodClass"
"2","org.apache.commons.lang3.time","..\dataset\projects\commons-lang\src\main\java\org\apache\commons\lang3\time\FastDatePrinter.java","3","84","The class 'FastDatePrinter' has a total cyclomatic complexity of 110 (highest 41).","Design","CyclomaticComplexity"
"3","org.apache.commons.lang3.time","..\dataset\projects\commons-lang\src\main\java\org\apache\commons\lang3\time\FastDatePrinter.java","3","84","This class has too many methods, consider refactoring it.","Design","TooManyMethods"
"4","org.apache.commons.lang3.time","..\dataset\projects\commons-lang\src\main\java\org\apache\commons\lang3\time\FastDatePrinter.java","3","935","The method 'appendFullDigits(Appendable, int, int)' has a cyclomatic complexity of 15.","Design","CyclomaticComplexity"
"5","org.apache.commons.lang3.time","..\dataset\projects\commons-lang\src\main\java\org\apache\commons\lang3\time\FastDatePrinter.java","3","1340","The method 'parsePattern()' has a cyclomatic complexity of 41.","Design","CyclomaticComplexity"
"6","org.apache.commons.lang3.time","..\dataset\projects\commons-lang\src\main\java\org\apache\commons\lang3\time\FastDatePrinter.java","3","1489","The method 'parseToken(String, int[])' has a cyclomatic complexity of 10.","Design","CyclomaticComplexity"
"1","org.apache.commons.lang3.time","..\dataset\projects\commons-lang\src\main\java\org\apache\commons\lang3\time\StopWatch.java","3","74","Possible God Class (WMC=73, ATFD=6, TCC=15.165%)","Design","GodClass"
"2","org.apache.commons.lang3.time","..\dataset\projects\commons-lang\src\main\java\org\apache\commons\lang3\time\StopWatch.java","3","74","This class has too many methods, consider refactoring it.","Design","TooManyMethods"
"1","org.apache.commons.lang3.tuple","..\dataset\projects\commons-lang\src\main\java\org\apache\commons\lang3\tuple\Pair.java","3","42","This class has too many methods, consider refactoring it.","Design","TooManyMethods"
"1","org.apache.commons.lang3.util","..\dataset\projects\commons-lang\src\main\java\org\apache\commons\lang3\util\FluentBitSet.java","3","32","This class has too many methods, consider refactoring it.","Design","TooManyMethods"
"1","org.apache.commons.lang3","..\dataset\projects\commons-lang\src\test\java\org\apache\commons\lang3\AnnotationUtilsTest.java","3","42","This class has too many methods, consider refactoring it.","Design","TooManyMethods"
"1","org.apache.commons.lang3","..\dataset\projects\commons-lang\src\test\java\org\apache\commons\lang3\ArrayFillTest.java","3","31","This class has too many methods, consider refactoring it.","Design","TooManyMethods"
"1","org.apache.commons.lang3","..\dataset\projects\commons-lang\src\test\java\org\apache\commons\lang3\ArrayUtilsAddTest.java","3","33","This class has too many methods, consider refactoring it.","Design","TooManyMethods"
"1","org.apache.commons.lang3","..\dataset\projects\commons-lang\src\test\java\org\apache\commons\lang3\ArrayUtilsGetDimensionsTest.java","3","29","This class has too many methods, consider refactoring it.","Design","TooManyMethods"
"1","org.apache.commons.lang3","..\dataset\projects\commons-lang\src\test\java\org\apache\commons\lang3\ArrayUtilsRemoveMultipleTest.java","3","31","Possible God Class (WMC=55, ATFD=448, TCC=2.424%)","Design","GodClass"
"2","org.apache.commons.lang3","..\dataset\projects\commons-lang\src\test\java\org\apache\commons\lang3\ArrayUtilsRemoveMultipleTest.java","3","31","This class has too many methods, consider refactoring it.","Design","TooManyMethods"
"1","org.apache.commons.lang3","..\dataset\projects\commons-lang\src\test\java\org\apache\commons\lang3\ArrayUtilsRemoveTest.java","3","30","This class has too many methods, consider refactoring it.","Design","TooManyMethods"
"1","org.apache.commons.lang3","..\dataset\projects\commons-lang\src\test\java\org\apache\commons\lang3\ArrayUtilsTest.java","3","56","Possible God Class (WMC=375, ATFD=94, TCC=0.000%)","Design","GodClass"
"2","org.apache.commons.lang3","..\dataset\projects\commons-lang\src\test\java\org\apache\commons\lang3\ArrayUtilsTest.java","3","56","The class 'ArrayUtilsTest' has a total cyclomatic complexity of 375 (highest 2).","Design","CyclomaticComplexity"
"3","org.apache.commons.lang3","..\dataset\projects\commons-lang\src\test\java\org\apache\commons\lang3\ArrayUtilsTest.java","3","56","This class has too many methods, consider refactoring it.","Design","TooManyMethods"
"1","org.apache.commons.lang3","..\dataset\projects\commons-lang\src\test\java\org\apache\commons\lang3\AutoCloseablesTest.java","3","36","This class has too many methods, consider refactoring it.","Design","TooManyMethods"
"1","org.apache.commons.lang3","..\dataset\projects\commons-lang\src\test\java\org\apache\commons\lang3\BitFieldLongTest.java","3","29","This class has too many methods, consider refactoring it.","Design","TooManyMethods"
"1","org.apache.commons.lang3","..\dataset\projects\commons-lang\src\test\java\org\apache\commons\lang3\BitFieldTest.java","3","28","This class has too many methods, consider refactoring it.","Design","TooManyMethods"
"1","org.apache.commons.lang3","..\dataset\projects\commons-lang\src\test\java\org\apache\commons\lang3\BooleanUtilsTest.java","3","42","The class 'BooleanUtilsTest' has a total cyclomatic complexity of 90 (highest 1).","Design","CyclomaticComplexity"
"2","org.apache.commons.lang3","..\dataset\projects\commons-lang\src\test\java\org\apache\commons\lang3\BooleanUtilsTest.java","3","42","This class has too many methods, consider refactoring it.","Design","TooManyMethods"
"1","org.apache.commons.lang3","..\dataset\projects\commons-lang\src\test\java\org\apache\commons\lang3\CharRangeTest.java","3","38","This class has too many methods, consider refactoring it.","Design","TooManyMethods"
"1","org.apache.commons.lang3","..\dataset\projects\commons-lang\src\test\java\org\apache\commons\lang3\CharSequenceUtilsTest.java","3","43","This class has too many methods, consider refactoring it.","Design","TooManyMethods"
"1","org.apache.commons.lang3","..\dataset\projects\commons-lang\src\test\java\org\apache\commons\lang3\CharSetTest.java","3","35","This class has too many methods, consider refactoring it.","Design","TooManyMethods"
"1","org.apache.commons.lang3","..\dataset\projects\commons-lang\src\test\java\org\apache\commons\lang3\CharSetUtilsTest.java","3","33","This class has too many methods, consider refactoring it.","Design","TooManyMethods"
"1","org.apache.commons.lang3","..\dataset\projects\commons-lang\src\test\java\org\apache\commons\lang3\CharUtilsTest.java","3","37","This class has too many methods, consider refactoring it.","Design","TooManyMethods"
"1","org.apache.commons.lang3","..\dataset\projects\commons-lang\src\test\java\org\apache\commons\lang3\ClassPathUtilsTest.java","3","32","This class has too many methods, consider refactoring it.","Design","TooManyMethods"
"1","org.apache.commons.lang3","..\dataset\projects\commons-lang\src\test\java\org\apache\commons\lang3\ClassUtilsTest.java","3","58","Possible God Class (WMC=85, ATFD=52, TCC=0.200%)","Design","GodClass"
"2","org.apache.commons.lang3","..\dataset\projects\commons-lang\src\test\java\org\apache\commons\lang3\ClassUtilsTest.java","3","58","The class 'ClassUtilsTest' has a total cyclomatic complexity of 85 (highest 4).","Design","CyclomaticComplexity"
"3","org.apache.commons.lang3","..\dataset\projects\commons-lang\src\test\java\org\apache\commons\lang3\ClassUtilsTest.java","3","58","This class has too many methods, consider refactoring it.","Design","TooManyMethods"
"1","org.apache.commons.lang3","..\dataset\projects\commons-lang\src\test\java\org\apache\commons\lang3\ConversionTest.java","3","36","This class has too many methods, consider refactoring it.","Design","TooManyMethods"
"1","org.apache.commons.lang3","..\dataset\projects\commons-lang\src\test\java\org\apache\commons\lang3\DoubleRangeTest.java","3","38","This class has too many methods, consider refactoring it.","Design","TooManyMethods"
"1","org.apache.commons.lang3","..\dataset\projects\commons-lang\src\test\java\org\apache\commons\lang3\EnumUtilsTest.java","3","49","This class has too many methods, consider refactoring it.","Design","TooManyMethods"
"1","org.apache.commons.lang3","..\dataset\projects\commons-lang\src\test\java\org\apache\commons\lang3\FunctionsTest.java","3","17","A value of 30 may denote a high amount of coupling within the class (threshold: 20)","Design","CouplingBetweenObjects"
"2","org.apache.commons.lang3","..\dataset\projects\commons-lang\src\test\java\org\apache\commons\lang3\FunctionsTest.java","3","53","This class has too many methods, consider refactoring it.","Design","TooManyMethods"
"3","org.apache.commons.lang3","..\dataset\projects\commons-lang\src\test\java\org\apache\commons\lang3\FunctionsTest.java","3","138","This class has too many methods, consider refactoring it.","Design","TooManyMethods"
"1","org.apache.commons.lang3","..\dataset\projects\commons-lang\src\test\java\org\apache\commons\lang3\IntegerRangeTest.java","3","39","This class has too many methods, consider refactoring it.","Design","TooManyMethods"
"1","org.apache.commons.lang3","..\dataset\projects\commons-lang\src\test\java\org\apache\commons\lang3\LocaleUtilsTest.java","3","49","Possible God Class (WMC=47, ATFD=46, TCC=1.008%)","Design","GodClass"
"2","org.apache.commons.lang3","..\dataset\projects\commons-lang\src\test\java\org\apache\commons\lang3\LocaleUtilsTest.java","3","49","This class has too many methods, consider refactoring it.","Design","TooManyMethods"
"1","org.apache.commons.lang3","..\dataset\projects\commons-lang\src\test\java\org\apache\commons\lang3\LongRangeTest.java","3","39","This class has too many methods, consider refactoring it.","Design","TooManyMethods"
"1","org.apache.commons.lang3","..\dataset\projects\commons-lang\src\test\java\org\apache\commons\lang3\ObjectUtilsTest.java","3","63","Possible God Class (WMC=59, ATFD=20, TCC=4.559%)","Design","GodClass"
"2","org.apache.commons.lang3","..\dataset\projects\commons-lang\src\test\java\org\apache\commons\lang3\ObjectUtilsTest.java","3","63","This class has too many methods, consider refactoring it.","Design","TooManyMethods"
"1","org.apache.commons.lang3","..\dataset\projects\commons-lang\src\test\java\org\apache\commons\lang3\RandomStringUtilsTest.java","3","45","Possible God Class (WMC=116, ATFD=14, TCC=8.245%)","Design","GodClass"
"2","org.apache.commons.lang3","..\dataset\projects\commons-lang\src\test\java\org\apache\commons\lang3\RandomStringUtilsTest.java","3","45","The class 'RandomStringUtilsTest' has a total cyclomatic complexity of 116 (highest 9).","Design","CyclomaticComplexity"
"3","org.apache.commons.lang3","..\dataset\projects\commons-lang\src\test\java\org\apache\commons\lang3\RandomStringUtilsTest.java","3","45","This class has too many methods, consider refactoring it.","Design","TooManyMethods"
"1","org.apache.commons.lang3","..\dataset\projects\commons-lang\src\test\java\org\apache\commons\lang3\RandomUtilsTest.java","3","35","This class has too many methods, consider refactoring it.","Design","TooManyMethods"
"1","org.apache.commons.lang3","..\dataset\projects\commons-lang\src\test\java\org\apache\commons\lang3\RangeTest.java","3","38","This class has too many methods, consider refactoring it.","Design","TooManyMethods"
"1","org.apache.commons.lang3","..\dataset\projects\commons-lang\src\test\java\org\apache\commons\lang3\RegExUtilsTest.java","3","32","This class has too many methods, consider refactoring it.","Design","TooManyMethods"
"1","org.apache.commons.lang3","..\dataset\projects\commons-lang\src\test\java\org\apache\commons\lang3\SerializationUtilsTest.java","3","64","This class has too many methods, consider refactoring it.","Design","TooManyMethods"
"1","org.apache.commons.lang3","..\dataset\projects\commons-lang\src\test\java\org\apache\commons\lang3\StringEscapeUtilsTest.java","3","43","This class has too many methods, consider refactoring it.","Design","TooManyMethods"
"1","org.apache.commons.lang3","..\dataset\projects\commons-lang\src\test\java\org\apache\commons\lang3\StringUtilsContainsTest.java","3","37","This class has too many methods, consider refactoring it.","Design","TooManyMethods"
"1","org.apache.commons.lang3","..\dataset\projects\commons-lang\src\test\java\org\apache\commons\lang3\StringUtilsEmptyBlankTest.java","3","29","This class has too many methods, consider refactoring it.","Design","TooManyMethods"
"1","org.apache.commons.lang3","..\dataset\projects\commons-lang\src\test\java\org\apache\commons\lang3\StringUtilsEqualsIndexOfTest.java","3","41","This class has too many methods, consider refactoring it.","Design","TooManyMethods"
"1","org.apache.commons.lang3","..\dataset\projects\commons-lang\src\test\java\org\apache\commons\lang3\StringUtilsJoinExceptionTest.java","3","42","This class has too many methods, consider refactoring it.","Design","TooManyMethods"
"1","org.apache.commons.lang3","..\dataset\projects\commons-lang\src\test\java\org\apache\commons\lang3\StringUtilsStripTest.java","3","29","This class has too many methods, consider refactoring it.","Design","TooManyMethods"
"1","org.apache.commons.lang3","..\dataset\projects\commons-lang\src\test\java\org\apache\commons\lang3\StringUtilsSubstringTest.java","3","28","This class has too many methods, consider refactoring it.","Design","TooManyMethods"
"1","org.apache.commons.lang3","..\dataset\projects\commons-lang\src\test\java\org\apache\commons\lang3\StringUtilsTest.java","3","62","Possible God Class (WMC=202, ATFD=155, TCC=0.911%)","Design","GodClass"
"2","org.apache.commons.lang3","..\dataset\projects\commons-lang\src\test\java\org\apache\commons\lang3\StringUtilsTest.java","3","62","The class 'StringUtilsTest' has a total cyclomatic complexity of 202 (highest 14).","Design","CyclomaticComplexity"
"3","org.apache.commons.lang3","..\dataset\projects\commons-lang\src\test\java\org\apache\commons\lang3\StringUtilsTest.java","3","62","This class has too many methods, consider refactoring it.","Design","TooManyMethods"
"4","org.apache.commons.lang3","..\dataset\projects\commons-lang\src\test\java\org\apache\commons\lang3\StringUtilsTest.java","3","2656","The method 'testSplitPreserveAllTokens_StringString_StringStringInt()' has a cyclomatic complexity of 14.","Design","CyclomaticComplexity"
"5","org.apache.commons.lang3","..\dataset\projects\commons-lang\src\test\java\org\apache\commons\lang3\StringUtilsTest.java","3","2790","The method 'testStringUtilsCharSequenceContract()' has a cyclomatic complexity of 10.","Design","CyclomaticComplexity"
"1","org.apache.commons.lang3","..\dataset\projects\commons-lang\src\test\java\org\apache\commons\lang3\SystemPropertiesTest.java","3","41","Possible God Class (WMC=65, ATFD=51, TCC=0.687%)","Design","GodClass"
"2","org.apache.commons.lang3","..\dataset\projects\commons-lang\src\test\java\org\apache\commons\lang3\SystemPropertiesTest.java","3","41","This class has too many methods, consider refactoring it.","Design","TooManyMethods"
"1","org.apache.commons.lang3","..\dataset\projects\commons-lang\src\test\java\org\apache\commons\lang3\SystemUtilsTest.java","3","43","Possible God Class (WMC=87, ATFD=20, TCC=0.000%)","Design","GodClass"
"2","org.apache.commons.lang3","..\dataset\projects\commons-lang\src\test\java\org\apache\commons\lang3\SystemUtilsTest.java","3","43","The class 'SystemUtilsTest' has a total cyclomatic complexity of 87 (highest 21).","Design","CyclomaticComplexity"
"3","org.apache.commons.lang3","..\dataset\projects\commons-lang\src\test\java\org\apache\commons\lang3\SystemUtilsTest.java","3","43","This class has too many methods, consider refactoring it.","Design","TooManyMethods"
"4","org.apache.commons.lang3","..\dataset\projects\commons-lang\src\test\java\org\apache\commons\lang3\SystemUtilsTest.java","3","149","The method 'test_IS_OS()' has a cyclomatic complexity of 10.","Design","CyclomaticComplexity"
"5","org.apache.commons.lang3","..\dataset\projects\commons-lang\src\test\java\org\apache\commons\lang3\SystemUtilsTest.java","3","375","The method 'testIsJavaVersionAtLeast()' has a cyclomatic complexity of 21.","Design","CyclomaticComplexity"
"6","org.apache.commons.lang3","..\dataset\projects\commons-lang\src\test\java\org\apache\commons\lang3\SystemUtilsTest.java","3","940","The method 'testIsJavaVersionAtMost()' has a cyclomatic complexity of 21.","Design","CyclomaticComplexity"
"1","org.apache.commons.lang3","..\dataset\projects\commons-lang\src\test\java\org\apache\commons\lang3\ThreadUtilsTest.java","3","50","This class has too many methods, consider refactoring it.","Design","TooManyMethods"
"1","org.apache.commons.lang3.builder","..\dataset\projects\commons-lang\src\test\java\org\apache\commons\lang3\builder\CompareToBuilderTest.java","3","32","Possible God Class (WMC=78, ATFD=22, TCC=0.000%)","Design","GodClass"
"2","org.apache.commons.lang3.builder","..\dataset\projects\commons-lang\src\test\java\org\apache\commons\lang3\builder\CompareToBuilderTest.java","3","32","This class has too many methods, consider refactoring it.","Design","TooManyMethods"
"1","org.apache.commons.lang3.builder","..\dataset\projects\commons-lang\src\test\java\org\apache\commons\lang3\builder\DefaultToStringStyleTest.java","3","33","This class has too many methods, consider refactoring it.","Design","TooManyMethods"
"1","org.apache.commons.lang3.builder","..\dataset\projects\commons-lang\src\test\java\org\apache\commons\lang3\builder\DiffBuilderTest.java","3","35","Possible God Class (WMC=64, ATFD=184, TCC=2.692%)","Design","GodClass"
"2","org.apache.commons.lang3.builder","..\dataset\projects\commons-lang\src\test\java\org\apache\commons\lang3\builder\DiffBuilderTest.java","3","35","This class has too many methods, consider refactoring it.","Design","TooManyMethods"
"3","org.apache.commons.lang3.builder","..\dataset\projects\commons-lang\src\test\java\org\apache\commons\lang3\builder\DiffBuilderTest.java","3","68","Too many fields","Design","TooManyFields"
"1","org.apache.commons.lang3.builder","..\dataset\projects\commons-lang\src\test\java\org\apache\commons\lang3\builder\DiffResultTest.java","3","33","This class has too many methods, consider refactoring it.","Design","TooManyMethods"
"1","org.apache.commons.lang3.builder","..\dataset\projects\commons-lang\src\test\java\org\apache\commons\lang3\builder\EqualsBuilderTest.java","3","17","A value of 22 may denote a high amount of coupling within the class (threshold: 20)","Design","CouplingBetweenObjects"
"2","org.apache.commons.lang3.builder","..\dataset\projects\commons-lang\src\test\java\org\apache\commons\lang3\builder\EqualsBuilderTest.java","3","40","Possible God Class (WMC=86, ATFD=311, TCC=0.000%)","Design","GodClass"
"3","org.apache.commons.lang3.builder","..\dataset\projects\commons-lang\src\test\java\org\apache\commons\lang3\builder\EqualsBuilderTest.java","3","40","The class 'EqualsBuilderTest' has a total cyclomatic complexity of 86 (highest 3).","Design","CyclomaticComplexity"
"4","org.apache.commons.lang3.builder","..\dataset\projects\commons-lang\src\test\java\org\apache\commons\lang3\builder\EqualsBuilderTest.java","3","40","This class has too many methods, consider refactoring it.","Design","TooManyMethods"
"1","org.apache.commons.lang3.builder","..\dataset\projects\commons-lang\src\test\java\org\apache\commons\lang3\builder\HashCodeBuilderTest.java","3","32","This class has too many methods, consider refactoring it.","Design","TooManyMethods"
"1","org.apache.commons.lang3.builder","..\dataset\projects\commons-lang\src\test\java\org\apache\commons\lang3\builder\JsonToStringStyleTest.java","3","39","This class has too many methods, consider refactoring it.","Design","TooManyMethods"
"1","org.apache.commons.lang3.builder","..\dataset\projects\commons-lang\src\test\java\org\apache\commons\lang3\builder\MultiLineToStringStyleTest.java","3","33","This class has too many methods, consider refactoring it.","Design","TooManyMethods"
"1","org.apache.commons.lang3.builder","..\dataset\projects\commons-lang\src\test\java\org\apache\commons\lang3\builder\MultilineRecursiveToStringStyleTest.java","3","29","This class has too many methods, consider refactoring it.","Design","TooManyMethods"
"1","org.apache.commons.lang3.builder","..\dataset\projects\commons-lang\src\test\java\org\apache\commons\lang3\builder\NoClassNameToStringStyleTest.java","3","33","This class has too many methods, consider refactoring it.","Design","TooManyMethods"
"1","org.apache.commons.lang3.builder","..\dataset\projects\commons-lang\src\test\java\org\apache\commons\lang3\builder\NoFieldNamesToStringStyleTest.java","3","33","This class has too many methods, consider refactoring it.","Design","TooManyMethods"
"1","org.apache.commons.lang3.builder","..\dataset\projects\commons-lang\src\test\java\org\apache\commons\lang3\builder\RecursiveToStringStyleTest.java","3","44","This class has too many methods, consider refactoring it.","Design","TooManyMethods"
"1","org.apache.commons.lang3.builder","..\dataset\projects\commons-lang\src\test\java\org\apache\commons\lang3\builder\ReflectionDiffBuilderTest.java","3","37","This class has too many methods, consider refactoring it.","Design","TooManyMethods"
"1","org.apache.commons.lang3.builder","..\dataset\projects\commons-lang\src\test\java\org\apache\commons\lang3\builder\ReflectionToStringBuilderExcludeTest.java","3","32","This class has too many methods, consider refactoring it.","Design","TooManyMethods"
"1","org.apache.commons.lang3.builder","..\dataset\projects\commons-lang\src\test\java\org\apache\commons\lang3\builder\ReflectionToStringBuilderIncludeTest.java","3","31","This class has too many methods, consider refactoring it.","Design","TooManyMethods"
"1","org.apache.commons.lang3.builder","..\dataset\projects\commons-lang\src\test\java\org\apache\commons\lang3\builder\ShortPrefixToStringStyleTest.java","3","33","This class has too many methods, consider refactoring it.","Design","TooManyMethods"
"1","org.apache.commons.lang3.builder","..\dataset\projects\commons-lang\src\test\java\org\apache\commons\lang3\builder\SimpleToStringStyleTest.java","3","33","This class has too many methods, consider refactoring it.","Design","TooManyMethods"
"1","org.apache.commons.lang3.builder","..\dataset\projects\commons-lang\src\test\java\org\apache\commons\lang3\builder\StandardToStringStyleTest.java","3","35","This class has too many methods, consider refactoring it.","Design","TooManyMethods"
"1","org.apache.commons.lang3.builder","..\dataset\projects\commons-lang\src\test\java\org\apache\commons\lang3\builder\ToStringBuilderTest.java","3","34","Possible God Class (WMC=101, ATFD=21, TCC=30.107%)","Design","GodClass"
"2","org.apache.commons.lang3.builder","..\dataset\projects\commons-lang\src\test\java\org\apache\commons\lang3\builder\ToStringBuilderTest.java","3","34","The class 'ToStringBuilderTest' has a total cyclomatic complexity of 101 (highest 3).","Design","CyclomaticComplexity"
"3","org.apache.commons.lang3.builder","..\dataset\projects\commons-lang\src\test\java\org\apache\commons\lang3\builder\ToStringBuilderTest.java","3","34","This class has too many methods, consider refactoring it.","Design","TooManyMethods"
"1","org.apache.commons.lang3.builder","..\dataset\projects\commons-lang\src\test\java\org\apache\commons\lang3\builder\ToStringStyleTest.java","3","27","This class has too many methods, consider refactoring it.","Design","TooManyMethods"
"1","org.apache.commons.lang3.concurrent","..\dataset\projects\commons-lang\src\test\java\org\apache\commons\lang3\concurrent\BackgroundInitializerTest.java","3","40","This class has too many methods, consider refactoring it.","Design","TooManyMethods"
"1","org.apache.commons.lang3.concurrent","..\dataset\projects\commons-lang\src\test\java\org\apache\commons\lang3\concurrent\BasicThreadFactoryTest.java","3","38","This class has too many methods, consider refactoring it.","Design","TooManyMethods"
"1","org.apache.commons.lang3.concurrent","..\dataset\projects\commons-lang\src\test\java\org\apache\commons\lang3\concurrent\ConcurrentUtilsTest.java","3","41","This class has too many methods, consider refactoring it.","Design","TooManyMethods"
"1","org.apache.commons.lang3.concurrent","..\dataset\projects\commons-lang\src\test\java\org\apache\commons\lang3\concurrent\EventCountCircuitBreakerTest.java","3","39","This class has too many methods, consider refactoring it.","Design","TooManyMethods"
"1","org.apache.commons.lang3.concurrent","..\dataset\projects\commons-lang\src\test\java\org\apache\commons\lang3\concurrent\MultiBackgroundInitializerTest.java","3","41","This class has too many methods, consider refactoring it.","Design","TooManyMethods"
"1","org.apache.commons.lang3.concurrent","..\dataset\projects\commons-lang\src\test\java\org\apache\commons\lang3\concurrent\TimedSemaphoreTest.java","3","42","This class has too many methods, consider refactoring it.","Design","TooManyMethods"
"1","org.apache.commons.lang3.concurrent","..\dataset\projects\commons-lang\src\test\java\org\apache\commons\lang3\concurrent\UncheckedFutureTest.java","3","44","This class has too many methods, consider refactoring it.","Design","TooManyMethods"
"1","org.apache.commons.lang3.concurrent.locks","..\dataset\projects\commons-lang\src\test\java\org\apache\commons\lang3\concurrent\locks\LockingVisitorsTest.java","3","47","This class has too many methods, consider refactoring it.","Design","TooManyMethods"
"1","org.apache.commons.lang3.event","..\dataset\projects\commons-lang\src\test\java\org\apache\commons\lang3\event\EventListenerSupportTest.java","3","54","This class has too many methods, consider refactoring it.","Design","TooManyMethods"
"1","org.apache.commons.lang3.exception","..\dataset\projects\commons-lang\src\test\java\org\apache\commons\lang3\exception\ExceptionUtilsTest.java","3","50","Possible God Class (WMC=86, ATFD=60, TCC=20.166%)","Design","GodClass"
"2","org.apache.commons.lang3.exception","..\dataset\projects\commons-lang\src\test\java\org\apache\commons\lang3\exception\ExceptionUtilsTest.java","3","50","The class 'ExceptionUtilsTest' has a total cyclomatic complexity of 86 (highest 5).","Design","CyclomaticComplexity"
"3","org.apache.commons.lang3.exception","..\dataset\projects\commons-lang\src\test\java\org\apache\commons\lang3\exception\ExceptionUtilsTest.java","3","50","This class has too many methods, consider refactoring it.","Design","TooManyMethods"
"1","org.apache.commons.lang3.function","..\dataset\projects\commons-lang\src\test\java\org\apache\commons\lang3\function\FailableBiPredicateTest.java","3","34","This class has too many methods, consider refactoring it.","Design","TooManyMethods"
"1","org.apache.commons.lang3.function","..\dataset\projects\commons-lang\src\test\java\org\apache\commons\lang3\function\FailableConsumerTest.java","3","34","This class has too many methods, consider refactoring it.","Design","TooManyMethods"
"1","org.apache.commons.lang3.function","..\dataset\projects\commons-lang\src\test\java\org\apache\commons\lang3\function\FailableDoublePredicateTest.java","3","34","This class has too many methods, consider refactoring it.","Design","TooManyMethods"
"1","org.apache.commons.lang3.function","..\dataset\projects\commons-lang\src\test\java\org\apache\commons\lang3\function\FailableIntPredicateTest.java","3","34","This class has too many methods, consider refactoring it.","Design","TooManyMethods"
"1","org.apache.commons.lang3.function","..\dataset\projects\commons-lang\src\test\java\org\apache\commons\lang3\function\FailableLongPredicateTest.java","3","34","This class has too many methods, consider refactoring it.","Design","TooManyMethods"
"1","org.apache.commons.lang3.function","..\dataset\projects\commons-lang\src\test\java\org\apache\commons\lang3\function\FailablePredicateTest.java","3","34","This class has too many methods, consider refactoring it.","Design","TooManyMethods"
"1","org.apache.commons.lang3.function","..\dataset\projects\commons-lang\src\test\java\org\apache\commons\lang3\function\FailableTest.java","3","17","A value of 49 may denote a high amount of coupling within the class (threshold: 20)","Design","CouplingBetweenObjects"
"2","org.apache.commons.lang3.function","..\dataset\projects\commons-lang\src\test\java\org\apache\commons\lang3\function\FailableTest.java","3","49","Possible God Class (WMC=181, ATFD=163, TCC=3.653%)","Design","GodClass"
"3","org.apache.commons.lang3.function","..\dataset\projects\commons-lang\src\test\java\org\apache\commons\lang3\function\FailableTest.java","3","49","The class 'FailableTest' has a total cyclomatic complexity of 181 (highest 3).","Design","CyclomaticComplexity"
"4","org.apache.commons.lang3.function","..\dataset\projects\commons-lang\src\test\java\org\apache\commons\lang3\function\FailableTest.java","3","49","This class has too many methods, consider refactoring it.","Design","TooManyMethods"
"5","org.apache.commons.lang3.function","..\dataset\projects\commons-lang\src\test\java\org\apache\commons\lang3\function\FailableTest.java","3","198","This class has too many methods, consider refactoring it.","Design","TooManyMethods"
"1","org.apache.commons.lang3.math","..\dataset\projects\commons-lang\src\test\java\org\apache\commons\lang3\math\FractionTest.java","3","36","This class has too many methods, consider refactoring it.","Design","TooManyMethods"
"1","org.apache.commons.lang3.math","..\dataset\projects\commons-lang\src\test\java\org\apache\commons\lang3\math\NumberUtilsTest.java","3","50","Possible God Class (WMC=159, ATFD=12, TCC=0.000%)","Design","GodClass"
"2","org.apache.commons.lang3.math","..\dataset\projects\commons-lang\src\test\java\org\apache\commons\lang3\math\NumberUtilsTest.java","3","50","The class 'NumberUtilsTest' has a total cyclomatic complexity of 159 (highest 5).","Design","CyclomaticComplexity"
"3","org.apache.commons.lang3.math","..\dataset\projects\commons-lang\src\test\java\org\apache\commons\lang3\math\NumberUtilsTest.java","3","50","This class has too many methods, consider refactoring it.","Design","TooManyMethods"
"1","org.apache.commons.lang3.mutable","..\dataset\projects\commons-lang\src\test\java\org\apache\commons\lang3\mutable\MutableByteTest.java","3","31","This class has too many methods, consider refactoring it.","Design","TooManyMethods"
"1","org.apache.commons.lang3.mutable","..\dataset\projects\commons-lang\src\test\java\org\apache\commons\lang3\mutable\MutableDoubleTest.java","3","32","This class has too many methods, consider refactoring it.","Design","TooManyMethods"
"1","org.apache.commons.lang3.mutable","..\dataset\projects\commons-lang\src\test\java\org\apache\commons\lang3\mutable\MutableFloatTest.java","3","32","This class has too many methods, consider refactoring it.","Design","TooManyMethods"
"1","org.apache.commons.lang3.mutable","..\dataset\projects\commons-lang\src\test\java\org\apache\commons\lang3\mutable\MutableIntTest.java","3","31","This class has too many methods, consider refactoring it.","Design","TooManyMethods"
"1","org.apache.commons.lang3.mutable","..\dataset\projects\commons-lang\src\test\java\org\apache\commons\lang3\mutable\MutableLongTest.java","3","31","This class has too many methods, consider refactoring it.","Design","TooManyMethods"
"1","org.apache.commons.lang3.mutable","..\dataset\projects\commons-lang\src\test\java\org\apache\commons\lang3\mutable\MutableShortTest.java","3","31","This class has too many methods, consider refactoring it.","Design","TooManyMethods"
"1","org.apache.commons.lang3.reflect","..\dataset\projects\commons-lang\src\test\java\org\apache\commons\lang3\reflect\ConstructorUtilsTest.java","3","43","This class has too many methods, consider refactoring it.","Design","TooManyMethods"
"1","org.apache.commons.lang3.reflect","..\dataset\projects\commons-lang\src\test\java\org\apache\commons\lang3\reflect\FieldUtilsTest.java","3","62","Possible God Class (WMC=81, ATFD=80, TCC=3.541%)","Design","GodClass"
"2","org.apache.commons.lang3.reflect","..\dataset\projects\commons-lang\src\test\java\org\apache\commons\lang3\reflect\FieldUtilsTest.java","3","62","The class 'FieldUtilsTest' has a total cyclomatic complexity of 81 (highest 3).","Design","CyclomaticComplexity"
"3","org.apache.commons.lang3.reflect","..\dataset\projects\commons-lang\src\test\java\org\apache\commons\lang3\reflect\FieldUtilsTest.java","3","62","This class has too many methods, consider refactoring it.","Design","TooManyMethods"
"1","org.apache.commons.lang3.reflect","..\dataset\projects\commons-lang\src\test\java\org\apache\commons\lang3\reflect\MethodUtilsTest.java","3","66","Possible God Class (WMC=69, ATFD=109, TCC=2.514%)","Design","GodClass"
"2","org.apache.commons.lang3.reflect","..\dataset\projects\commons-lang\src\test\java\org\apache\commons\lang3\reflect\MethodUtilsTest.java","3","66","This class has too many methods, consider refactoring it.","Design","TooManyMethods"
"3","org.apache.commons.lang3.reflect","..\dataset\projects\commons-lang\src\test\java\org\apache\commons\lang3\reflect\MethodUtilsTest.java","3","87","This class has too many methods, consider refactoring it.","Design","TooManyMethods"
"4","org.apache.commons.lang3.reflect","..\dataset\projects\commons-lang\src\test\java\org\apache\commons\lang3\reflect\MethodUtilsTest.java","3","187","This class has too many methods, consider refactoring it.","Design","TooManyMethods"
"1","org.apache.commons.lang3.reflect","..\dataset\projects\commons-lang\src\test\java\org\apache\commons\lang3\reflect\TypeUtilsTest.java","3","17","A value of 59 may denote a high amount of coupling within the class (threshold: 20)","Design","CouplingBetweenObjects"
"2","org.apache.commons.lang3.reflect","..\dataset\projects\commons-lang\src\test\java\org\apache\commons\lang3\reflect\TypeUtilsTest.java","3","153","This class has too many methods, consider refactoring it.","Design","TooManyMethods"
"3","org.apache.commons.lang3.reflect","..\dataset\projects\commons-lang\src\test\java\org\apache\commons\lang3\reflect\TypeUtilsTest.java","3","181","Possible God Class (WMC=60, ATFD=194, TCC=0.000%)","Design","GodClass"
"4","org.apache.commons.lang3.reflect","..\dataset\projects\commons-lang\src\test\java\org\apache\commons\lang3\reflect\TypeUtilsTest.java","3","181","This class has too many methods, consider refactoring it.","Design","TooManyMethods"
"5","org.apache.commons.lang3.reflect","..\dataset\projects\commons-lang\src\test\java\org\apache\commons\lang3\reflect\TypeUtilsTest.java","3","439","This class has too many methods, consider refactoring it.","Design","TooManyMethods"
"1","org.apache.commons.lang3.reflect.testbed","..\dataset\projects\commons-lang\src\test\java\org\apache\commons\lang3\reflect\testbed\GenericTypeHolder.java","3","25","Too many fields","Design","TooManyFields"
"1","org.apache.commons.lang3.stream","..\dataset\projects\commons-lang\src\test\java\org\apache\commons\lang3\stream\LangCollectorsTest.java","3","35","This class has too many methods, consider refactoring it.","Design","TooManyMethods"
"1","org.apache.commons.lang3.stream","..\dataset\projects\commons-lang\src\test\java\org\apache\commons\lang3\stream\StreamsTest.java","3","52","This class has too many methods, consider refactoring it.","Design","TooManyMethods"
"1","org.apache.commons.lang3.text","..\dataset\projects\commons-lang\src\test\java\org\apache\commons\lang3\text\ExtendedMessageFormatTest.java","3","44","This class has too many methods, consider refactoring it.","Design","TooManyMethods"
"1","org.apache.commons.lang3.text","..\dataset\projects\commons-lang\src\test\java\org\apache\commons\lang3\text\StrBuilderAppendInsertTest.java","3","36","Possible God Class (WMC=51, ATFD=19, TCC=9.020%)","Design","GodClass"
"2","org.apache.commons.lang3.text","..\dataset\projects\commons-lang\src\test\java\org\apache\commons\lang3\text\StrBuilderAppendInsertTest.java","3","36","This class has too many methods, consider refactoring it.","Design","TooManyMethods"
"1","org.apache.commons.lang3.text","..\dataset\projects\commons-lang\src\test\java\org\apache\commons\lang3\text\StrBuilderTest.java","3","46","Possible God Class (WMC=94, ATFD=70, TCC=1.099%)","Design","GodClass"
"2","org.apache.commons.lang3.text","..\dataset\projects\commons-lang\src\test\java\org\apache\commons\lang3\text\StrBuilderTest.java","3","46","The class 'StrBuilderTest' has a total cyclomatic complexity of 94 (highest 2).","Design","CyclomaticComplexity"
"3","org.apache.commons.lang3.text","..\dataset\projects\commons-lang\src\test\java\org\apache\commons\lang3\text\StrBuilderTest.java","3","46","This class has too many methods, consider refactoring it.","Design","TooManyMethods"
"1","org.apache.commons.lang3.text","..\dataset\projects\commons-lang\src\test\java\org\apache\commons\lang3\text\StrMatcherTest.java","3","31","This class has too many methods, consider refactoring it.","Design","TooManyMethods"
"1","org.apache.commons.lang3.text","..\dataset\projects\commons-lang\src\test\java\org\apache\commons\lang3\text\StrSubstitutorTest.java","3","44","Possible God Class (WMC=54, ATFD=51, TCC=6.667%)","Design","GodClass"
"2","org.apache.commons.lang3.text","..\dataset\projects\commons-lang\src\test\java\org\apache\commons\lang3\text\StrSubstitutorTest.java","3","44","This class has too many methods, consider refactoring it.","Design","TooManyMethods"
"1","org.apache.commons.lang3.text","..\dataset\projects\commons-lang\src\test\java\org\apache\commons\lang3\text\StrTokenizerTest.java","3","40","Possible God Class (WMC=68, ATFD=130, TCC=0.058%)","Design","GodClass"
"2","org.apache.commons.lang3.text","..\dataset\projects\commons-lang\src\test\java\org\apache\commons\lang3\text\StrTokenizerTest.java","3","40","This class has too many methods, consider refactoring it.","Design","TooManyMethods"
"1","org.apache.commons.lang3.text","..\dataset\projects\commons-lang\src\test\java\org\apache\commons\lang3\text\WordUtilsTest.java","3","41","This class has too many methods, consider refactoring it.","Design","TooManyMethods"
"1","org.apache.commons.lang3.time","..\dataset\projects\commons-lang\src\test\java\org\apache\commons\lang3\time\DateFormatUtilsTest.java","3","41","This class has too many methods, consider refactoring it.","Design","TooManyMethods"
"1","org.apache.commons.lang3.time","..\dataset\projects\commons-lang\src\test\java\org\apache\commons\lang3\time\DateUtilsFragmentTest.java","3","30","This class has too many methods, consider refactoring it.","Design","TooManyMethods"
"1","org.apache.commons.lang3.time","..\dataset\projects\commons-lang\src\test\java\org\apache\commons\lang3\time\DateUtilsRoundingTest.java","3","42","This class has too many methods, consider refactoring it.","Design","TooManyMethods"
"1","org.apache.commons.lang3.time","..\dataset\projects\commons-lang\src\test\java\org\apache\commons\lang3\time\DateUtilsTest.java","3","67","Possible God Class (WMC=87, ATFD=158, TCC=5.479%)","Design","GodClass"
"2","org.apache.commons.lang3.time","..\dataset\projects\commons-lang\src\test\java\org\apache\commons\lang3\time\DateUtilsTest.java","3","67","The class 'DateUtilsTest' has a total cyclomatic complexity of 87 (highest 3).","Design","CyclomaticComplexity"
"3","org.apache.commons.lang3.time","..\dataset\projects\commons-lang\src\test\java\org\apache\commons\lang3\time\DateUtilsTest.java","3","67","This class has too many methods, consider refactoring it.","Design","TooManyMethods"
"4","org.apache.commons.lang3.time","..\dataset\projects\commons-lang\src\test\java\org\apache\commons\lang3\time\DateUtilsTest.java","3","67","Too many fields","Design","TooManyFields"
"1","org.apache.commons.lang3.time","..\dataset\projects\commons-lang\src\test\java\org\apache\commons\lang3\time\DurationFormatUtilsTest.java","3","45","Possible God Class (WMC=47, ATFD=47, TCC=0.135%)","Design","GodClass"
"2","org.apache.commons.lang3.time","..\dataset\projects\commons-lang\src\test\java\org\apache\commons\lang3\time\DurationFormatUtilsTest.java","3","45","This class has too many methods, consider refactoring it.","Design","TooManyMethods"
"1","org.apache.commons.lang3.time","..\dataset\projects\commons-lang\src\test\java\org\apache\commons\lang3\time\DurationUtilsTest.java","3","41","This class has too many methods, consider refactoring it.","Design","TooManyMethods"
"1","org.apache.commons.lang3.time","..\dataset\projects\commons-lang\src\test\java\org\apache\commons\lang3\time\FastDateFormatTest.java","3","53","This class has too many methods, consider refactoring it.","Design","TooManyMethods"
"1","org.apache.commons.lang3.time","..\dataset\projects\commons-lang\src\test\java\org\apache\commons\lang3\time\FastDateParserJava15BugTest.java","3","42","This class has too many methods, consider refactoring it.","Design","TooManyMethods"
"1","org.apache.commons.lang3.time","..\dataset\projects\commons-lang\src\test\java\org\apache\commons\lang3\time\FastDateParserTest.java","3","69","Possible God Class (WMC=66, ATFD=100, TCC=14.300%)","Design","GodClass"
"2","org.apache.commons.lang3.time","..\dataset\projects\commons-lang\src\test\java\org\apache\commons\lang3\time\FastDateParserTest.java","3","69","This class has too many methods, consider refactoring it.","Design","TooManyMethods"
"1","org.apache.commons.lang3.time","..\dataset\projects\commons-lang\src\test\java\org\apache\commons\lang3\time\FastDateParser_TimeZoneStrategyTest.java","3","64","This class has too many methods, consider refactoring it.","Design","TooManyMethods"
"2","org.apache.commons.lang3.time","..\dataset\projects\commons-lang\src\test\java\org\apache\commons\lang3\time\FastDateParser_TimeZoneStrategyTest.java","3","152","The method 'testTimeZoneStrategyPattern_DateFormatSymbols_getZoneStrings(Locale)' has a cyclomatic complexity of 12.","Design","CyclomaticComplexity"
"1","org.apache.commons.lang3.time","..\dataset\projects\commons-lang\src\test\java\org\apache\commons\lang3\time\FastDatePrinterTest.java","3","42","This class has too many methods, consider refactoring it.","Design","TooManyMethods"
"1","org.apache.commons.lang3.time","..\dataset\projects\commons-lang\src\test\java\org\apache\commons\lang3\time\FastTimeZoneTest.java","3","37","This class has too many methods, consider refactoring it.","Design","TooManyMethods"
"1","org.apache.commons.lang3.time","..\dataset\projects\commons-lang\src\test\java\org\apache\commons\lang3\time\GmtTimeZoneTest.java","3","30","This class has too many methods, consider refactoring it.","Design","TooManyMethods"
"1","org.apache.commons.lang3.time","..\dataset\projects\commons-lang\src\test\java\org\apache\commons\lang3\time\ImmutableTimeZoneTest.java","3","37","This class has too many methods, consider refactoring it.","Design","TooManyMethods"
"1","org.apache.commons.lang3.time","..\dataset\projects\commons-lang\src\test\java\org\apache\commons\lang3\time\StopWatchTest.java","3","44","This class has too many methods, consider refactoring it.","Design","TooManyMethods"
"1","org.apache.commons.lang3.tuple","..\dataset\projects\commons-lang\src\test\java\org\apache\commons\lang3\tuple\ImmutablePairTest.java","3","41","This class has too many methods, consider refactoring it.","Design","TooManyMethods"
"1","org.apache.commons.lang3.tuple","..\dataset\projects\commons-lang\src\test\java\org\apache\commons\lang3\tuple\ImmutableTripleTest.java","3","39","This class has too many methods, consider refactoring it.","Design","TooManyMethods"
"1","org.apache.commons.lang3.tuple","..\dataset\projects\commons-lang\src\test\java\org\apache\commons\lang3\tuple\MutablePairTest.java","3","34","This class has too many methods, consider refactoring it.","Design","TooManyMethods"
"1","org.apache.commons.lang3.tuple","..\dataset\projects\commons-lang\src\test\java\org\apache\commons\lang3\tuple\MutableTripleTest.java","3","31","This class has too many methods, consider refactoring it.","Design","TooManyMethods"
"1","org.apache.commons.lang3.tuple","..\dataset\projects\commons-lang\src\test\java\org\apache\commons\lang3\tuple\PairTest.java","3","48","This class has too many methods, consider refactoring it.","Design","TooManyMethods"
"1","org.apache.commons.lang3.tuple","..\dataset\projects\commons-lang\src\test\java\org\apache\commons\lang3\tuple\TripleTest.java","3","34","This class has too many methods, consider refactoring it.","Design","TooManyMethods"
"1","org.apache.commons.lang3.util","..\dataset\projects\commons-lang\src\test\java\org\apache\commons\lang3\util\FluentBitSetTest.java","3","42","Possible God Class (WMC=167, ATFD=17, TCC=24.444%)","Design","GodClass"
"2","org.apache.commons.lang3.util","..\dataset\projects\commons-lang\src\test\java\org\apache\commons\lang3\util\FluentBitSetTest.java","3","42","The class 'FluentBitSetTest' has a total cyclomatic complexity of 167 (highest 26).","Design","CyclomaticComplexity"
"3","org.apache.commons.lang3.util","..\dataset\projects\commons-lang\src\test\java\org\apache\commons\lang3\util\FluentBitSetTest.java","3","42","This class has too many methods, consider refactoring it.","Design","TooManyMethods"
"4","org.apache.commons.lang3.util","..\dataset\projects\commons-lang\src\test\java\org\apache\commons\lang3\util\FluentBitSetTest.java","3","253","The method 'test_clearII()' has a cyclomatic complexity of 26.","Design","CyclomaticComplexity"
"5","org.apache.commons.lang3.util","..\dataset\projects\commons-lang\src\test\java\org\apache\commons\lang3\util\FluentBitSetTest.java","3","615","The method 'test_flipII()' has a cyclomatic complexity of 21.","Design","CyclomaticComplexity"
"6","org.apache.commons.lang3.util","..\dataset\projects\commons-lang\src\test\java\org\apache\commons\lang3\util\FluentBitSetTest.java","3","1336","The method 'test_setII()' has a cyclomatic complexity of 22.","Design","CyclomaticComplexity"
"7","org.apache.commons.lang3.util","..\dataset\projects\commons-lang\src\test\java\org\apache\commons\lang3\util\FluentBitSetTest.java","3","1482","The method 'test_setInclusive()' has a cyclomatic complexity of 22.","Design","CyclomaticComplexity"
"1","org.apache.commons.lang3.util","..\dataset\projects\commons-lang\src\test\java\org\apache\commons\lang3\util\IterableStringTokenizerTest.java","3","41","This class has too many methods, consider refactoring it.","Design","TooManyMethods"
