commons-lang,C:\Users\largu\Documents\Vietnam\dataset\projects\commons-lang\src\test\java\org\apache\commons\lang3\AbstractLangTest.java,
commons-lang,C:\Users\largu\Documents\Vietnam\dataset\projects\commons-lang\src\test\java\org\apache\commons\lang3\AnnotationUtilsTest.java,
commons-lang,C:\Users\largu\Documents\Vietnam\dataset\projects\commons-lang\src\test\java\org\apache\commons\lang3\AppendableJoinerTest.java,
commons-lang,C:\Users\largu\Documents\Vietnam\dataset\projects\commons-lang\src\test\java\org\apache\commons\lang3\arch\ProcessorTest.java,
commons-lang,C:\Users\largu\Documents\Vietnam\dataset\projects\commons-lang\src\test\java\org\apache\commons\lang3\ArchUtilsTest.java,
commons-lang,C:\Users\largu\Documents\Vietnam\dataset\projects\commons-lang\src\test\java\org\apache\commons\lang3\ArrayFillTest.java,
commons-lang,C:\Users\largu\Documents\Vietnam\dataset\projects\commons-lang\src\test\java\org\apache\commons\lang3\ArraySorterTest.java,
commons-lang,C:\Users\largu\Documents\Vietnam\dataset\projects\commons-lang\src\test\java\org\apache\commons\lang3\ArrayUtilsAddTest.java,
commons-lang,C:\Users\largu\Documents\Vietnam\dataset\projects\commons-lang\src\test\java\org\apache\commons\lang3\ArrayUtilsConcatTest.java,
commons-lang,C:\Users\largu\Documents\Vietnam\dataset\projects\commons-lang\src\test\java\org\apache\commons\lang3\ArrayUtilsGetDimensionsTest.java,
commons-lang,C:\Users\largu\Documents\Vietnam\dataset\projects\commons-lang\src\test\java\org\apache\commons\lang3\ArrayUtilsInsertTest.java,
commons-lang,C:\Users\largu\Documents\Vietnam\dataset\projects\commons-lang\src\test\java\org\apache\commons\lang3\ArrayUtilsRemoveMultipleTest.java,
commons-lang,C:\Users\largu\Documents\Vietnam\dataset\projects\commons-lang\src\test\java\org\apache\commons\lang3\ArrayUtilsRemoveTest.java,
commons-lang,C:\Users\largu\Documents\Vietnam\dataset\projects\commons-lang\src\test\java\org\apache\commons\lang3\ArrayUtilsSetTest.java,
commons-lang,C:\Users\largu\Documents\Vietnam\dataset\projects\commons-lang\src\test\java\org\apache\commons\lang3\ArrayUtilsTest.java,
commons-lang,C:\Users\largu\Documents\Vietnam\dataset\projects\commons-lang\src\test\java\org\apache\commons\lang3\AutoCloseablesTest.java,
commons-lang,C:\Users\largu\Documents\Vietnam\dataset\projects\commons-lang\src\test\java\org\apache\commons\lang3\BitFieldLongTest.java,
commons-lang,C:\Users\largu\Documents\Vietnam\dataset\projects\commons-lang\src\test\java\org\apache\commons\lang3\BitFieldTest.java,
commons-lang,C:\Users\largu\Documents\Vietnam\dataset\projects\commons-lang\src\test\java\org\apache\commons\lang3\BooleanUtilsTest.java,
commons-lang,C:\Users\largu\Documents\Vietnam\dataset\projects\commons-lang\src\test\java\org\apache\commons\lang3\builder\AbstractBuilderTest.java,
commons-lang,C:\Users\largu\Documents\Vietnam\dataset\projects\commons-lang\src\test\java\org\apache\commons\lang3\builder\CompareToBuilderTest.java,
commons-lang,C:\Users\largu\Documents\Vietnam\dataset\projects\commons-lang\src\test\java\org\apache\commons\lang3\builder\ConversionTest.java,
commons-lang,C:\Users\largu\Documents\Vietnam\dataset\projects\commons-lang\src\test\java\org\apache\commons\lang3\builder\DefaultToStringStyleTest.java,
commons-lang,C:\Users\largu\Documents\Vietnam\dataset\projects\commons-lang\src\test\java\org\apache\commons\lang3\builder\DiffBuilderTest.java,
commons-lang,C:\Users\largu\Documents\Vietnam\dataset\projects\commons-lang\src\test\java\org\apache\commons\lang3\builder\DiffResultTest.java,
commons-lang,C:\Users\largu\Documents\Vietnam\dataset\projects\commons-lang\src\test\java\org\apache\commons\lang3\builder\DiffTest.java,
commons-lang,C:\Users\largu\Documents\Vietnam\dataset\projects\commons-lang\src\test\java\org\apache\commons\lang3\builder\EqualsBuilderNoForceTest.java,
commons-lang,C:\Users\largu\Documents\Vietnam\dataset\projects\commons-lang\src\test\java\org\apache\commons\lang3\builder\EqualsBuilderReflectionEqualsCycleTest.java,
commons-lang,C:\Users\largu\Documents\Vietnam\dataset\projects\commons-lang\src\test\java\org\apache\commons\lang3\builder\EqualsBuilderReflectJreImplementationTest.java,
commons-lang,C:\Users\largu\Documents\Vietnam\dataset\projects\commons-lang\src\test\java\org\apache\commons\lang3\builder\EqualsBuilderTest.java,
commons-lang,C:\Users\largu\Documents\Vietnam\dataset\projects\commons-lang\src\test\java\org\apache\commons\lang3\builder\HashCodeBuilderAndEqualsBuilderTest.java,
commons-lang,C:\Users\largu\Documents\Vietnam\dataset\projects\commons-lang\src\test\java\org\apache\commons\lang3\builder\HashCodeBuilderCycleTest.java,
commons-lang,C:\Users\largu\Documents\Vietnam\dataset\projects\commons-lang\src\test\java\org\apache\commons\lang3\builder\HashCodeBuilderTest.java,
commons-lang,C:\Users\largu\Documents\Vietnam\dataset\projects\commons-lang\src\test\java\org\apache\commons\lang3\builder\IDKeyTest.java,
commons-lang,C:\Users\largu\Documents\Vietnam\dataset\projects\commons-lang\src\test\java\org\apache\commons\lang3\builder\JsonToStringStyleTest.java,
commons-lang,C:\Users\largu\Documents\Vietnam\dataset\projects\commons-lang\src\test\java\org\apache\commons\lang3\builder\MultilineRecursiveToStringStyleTest.java,
commons-lang,C:\Users\largu\Documents\Vietnam\dataset\projects\commons-lang\src\test\java\org\apache\commons\lang3\builder\MultiLineToStringStyleTest.java,
commons-lang,C:\Users\largu\Documents\Vietnam\dataset\projects\commons-lang\src\test\java\org\apache\commons\lang3\builder\NoClassNameToStringStyleTest.java,
commons-lang,C:\Users\largu\Documents\Vietnam\dataset\projects\commons-lang\src\test\java\org\apache\commons\lang3\builder\NoFieldNamesToStringStyleTest.java,
commons-lang,C:\Users\largu\Documents\Vietnam\dataset\projects\commons-lang\src\test\java\org\apache\commons\lang3\builder\RecursiveToStringStyleTest.java,
commons-lang,C:\Users\largu\Documents\Vietnam\dataset\projects\commons-lang\src\test\java\org\apache\commons\lang3\builder\ReflectionDiffBuilderTest.java,
commons-lang,C:\Users\largu\Documents\Vietnam\dataset\projects\commons-lang\src\test\java\org\apache\commons\lang3\builder\ReflectionToStringBuilderConcurrencyTest.java,
commons-lang,C:\Users\largu\Documents\Vietnam\dataset\projects\commons-lang\src\test\java\org\apache\commons\lang3\builder\ReflectionToStringBuilderCustomImplementationTest.java,
commons-lang,C:\Users\largu\Documents\Vietnam\dataset\projects\commons-lang\src\test\java\org\apache\commons\lang3\builder\ReflectionToStringBuilderExcludeNullValuesTest.java,
commons-lang,C:\Users\largu\Documents\Vietnam\dataset\projects\commons-lang\src\test\java\org\apache\commons\lang3\builder\ReflectionToStringBuilderExcludeTest.java,
commons-lang,C:\Users\largu\Documents\Vietnam\dataset\projects\commons-lang\src\test\java\org\apache\commons\lang3\builder\ReflectionToStringBuilderExcludeWithAnnotationTest.java,
commons-lang,C:\Users\largu\Documents\Vietnam\dataset\projects\commons-lang\src\test\java\org\apache\commons\lang3\builder\ReflectionToStringBuilderIncludeTest.java,
commons-lang,C:\Users\largu\Documents\Vietnam\dataset\projects\commons-lang\src\test\java\org\apache\commons\lang3\builder\ReflectionToStringBuilderMutateInspectConcurrencyTest.java,
commons-lang,C:\Users\largu\Documents\Vietnam\dataset\projects\commons-lang\src\test\java\org\apache\commons\lang3\builder\ReflectionToStringBuilderSummaryTest.java,
commons-lang,C:\Users\largu\Documents\Vietnam\dataset\projects\commons-lang\src\test\java\org\apache\commons\lang3\builder\ReflectionToStringBuilderTest.java,
commons-lang,C:\Users\largu\Documents\Vietnam\dataset\projects\commons-lang\src\test\java\org\apache\commons\lang3\builder\ShortPrefixToStringStyleTest.java,
commons-lang,C:\Users\largu\Documents\Vietnam\dataset\projects\commons-lang\src\test\java\org\apache\commons\lang3\builder\SimpleToStringStyleTest.java,
commons-lang,C:\Users\largu\Documents\Vietnam\dataset\projects\commons-lang\src\test\java\org\apache\commons\lang3\builder\StandardToStringStyleTest.java,
commons-lang,C:\Users\largu\Documents\Vietnam\dataset\projects\commons-lang\src\test\java\org\apache\commons\lang3\builder\TestClassBuilder.java,
commons-lang,C:\Users\largu\Documents\Vietnam\dataset\projects\commons-lang\src\test\java\org\apache\commons\lang3\builder\ToStringBuilderAppendCycleTest.java,
commons-lang,C:\Users\largu\Documents\Vietnam\dataset\projects\commons-lang\src\test\java\org\apache\commons\lang3\builder\ToStringBuilderTest.java,
commons-lang,C:\Users\largu\Documents\Vietnam\dataset\projects\commons-lang\src\test\java\org\apache\commons\lang3\builder\ToStringStyleConcurrencyTest.java,
commons-lang,C:\Users\largu\Documents\Vietnam\dataset\projects\commons-lang\src\test\java\org\apache\commons\lang3\builder\ToStringStyleTest.java,
commons-lang,C:\Users\largu\Documents\Vietnam\dataset\projects\commons-lang\src\test\java\org\apache\commons\lang3\CachedRandomBitsTest.java,
commons-lang,C:\Users\largu\Documents\Vietnam\dataset\projects\commons-lang\src\test\java\org\apache\commons\lang3\CharEncodingTest.java,
commons-lang,C:\Users\largu\Documents\Vietnam\dataset\projects\commons-lang\src\test\java\org\apache\commons\lang3\CharRangeTest.java,
commons-lang,C:\Users\largu\Documents\Vietnam\dataset\projects\commons-lang\src\test\java\org\apache\commons\lang3\CharSequenceUtilsTest.java,
commons-lang,C:\Users\largu\Documents\Vietnam\dataset\projects\commons-lang\src\test\java\org\apache\commons\lang3\CharsetsTest.java,
commons-lang,C:\Users\largu\Documents\Vietnam\dataset\projects\commons-lang\src\test\java\org\apache\commons\lang3\CharSetTest.java,
commons-lang,C:\Users\largu\Documents\Vietnam\dataset\projects\commons-lang\src\test\java\org\apache\commons\lang3\CharSetUtilsTest.java,
commons-lang,C:\Users\largu\Documents\Vietnam\dataset\projects\commons-lang\src\test\java\org\apache\commons\lang3\CharUtilsTest.java,
commons-lang,C:\Users\largu\Documents\Vietnam\dataset\projects\commons-lang\src\test\java\org\apache\commons\lang3\ClassLoaderUtilsTest.java,
commons-lang,C:\Users\largu\Documents\Vietnam\dataset\projects\commons-lang\src\test\java\org\apache\commons\lang3\ClassPathUtilsTest.java,
commons-lang,C:\Users\largu\Documents\Vietnam\dataset\projects\commons-lang\src\test\java\org\apache\commons\lang3\ClassUtilsGetShortClassNameTest.java,
commons-lang,C:\Users\largu\Documents\Vietnam\dataset\projects\commons-lang\src\test\java\org\apache\commons\lang3\ClassUtilsOssFuzzTest.java,
commons-lang,C:\Users\largu\Documents\Vietnam\dataset\projects\commons-lang\src\test\java\org\apache\commons\lang3\ClassUtilsShortClassNameTest.java,
commons-lang,C:\Users\largu\Documents\Vietnam\dataset\projects\commons-lang\src\test\java\org\apache\commons\lang3\ClassUtilsTest.java,
commons-lang,C:\Users\largu\Documents\Vietnam\dataset\projects\commons-lang\src\test\java\org\apache\commons\lang3\compare\ComparableUtilsTest.java,
commons-lang,C:\Users\largu\Documents\Vietnam\dataset\projects\commons-lang\src\test\java\org\apache\commons\lang3\compare\ObjectToStringComparatorTest.java,
commons-lang,C:\Users\largu\Documents\Vietnam\dataset\projects\commons-lang\src\test\java\org\apache\commons\lang3\concurrent\AbstractConcurrentInitializerCloseAndExceptionsTest.java,
commons-lang,C:\Users\largu\Documents\Vietnam\dataset\projects\commons-lang\src\test\java\org\apache\commons\lang3\concurrent\AbstractConcurrentInitializerTest.java,
commons-lang,C:\Users\largu\Documents\Vietnam\dataset\projects\commons-lang\src\test\java\org\apache\commons\lang3\concurrent\AtomicInitializerNonObjectTest.java,
commons-lang,C:\Users\largu\Documents\Vietnam\dataset\projects\commons-lang\src\test\java\org\apache\commons\lang3\concurrent\AtomicInitializerObjectTest.java,
commons-lang,C:\Users\largu\Documents\Vietnam\dataset\projects\commons-lang\src\test\java\org\apache\commons\lang3\concurrent\AtomicInitializerSupplierTest.java,
commons-lang,C:\Users\largu\Documents\Vietnam\dataset\projects\commons-lang\src\test\java\org\apache\commons\lang3\concurrent\AtomicSafeInitializerInitTest.java,
commons-lang,C:\Users\largu\Documents\Vietnam\dataset\projects\commons-lang\src\test\java\org\apache\commons\lang3\concurrent\AtomicSafeInitializerSupplierTest.java,
commons-lang,C:\Users\largu\Documents\Vietnam\dataset\projects\commons-lang\src\test\java\org\apache\commons\lang3\concurrent\AtomicSafeInitializerTest.java,
commons-lang,C:\Users\largu\Documents\Vietnam\dataset\projects\commons-lang\src\test\java\org\apache\commons\lang3\concurrent\BackgroundInitializerSupplierTest.java,
commons-lang,C:\Users\largu\Documents\Vietnam\dataset\projects\commons-lang\src\test\java\org\apache\commons\lang3\concurrent\BackgroundInitializerTest.java,
commons-lang,C:\Users\largu\Documents\Vietnam\dataset\projects\commons-lang\src\test\java\org\apache\commons\lang3\concurrent\BasicThreadFactoryTest.java,
commons-lang,C:\Users\largu\Documents\Vietnam\dataset\projects\commons-lang\src\test\java\org\apache\commons\lang3\concurrent\CallableBackgroundInitializerTest.java,
commons-lang,C:\Users\largu\Documents\Vietnam\dataset\projects\commons-lang\src\test\java\org\apache\commons\lang3\concurrent\CircuitBreakingExceptionTest.java,
commons-lang,C:\Users\largu\Documents\Vietnam\dataset\projects\commons-lang\src\test\java\org\apache\commons\lang3\concurrent\ConcurrentExceptionTest.java,
commons-lang,C:\Users\largu\Documents\Vietnam\dataset\projects\commons-lang\src\test\java\org\apache\commons\lang3\concurrent\ConcurrentRuntimeExceptionTest.java,
commons-lang,C:\Users\largu\Documents\Vietnam\dataset\projects\commons-lang\src\test\java\org\apache\commons\lang3\concurrent\ConcurrentUtilsTest.java,
commons-lang,C:\Users\largu\Documents\Vietnam\dataset\projects\commons-lang\src\test\java\org\apache\commons\lang3\concurrent\ConstantInitializerTest.java,
commons-lang,C:\Users\largu\Documents\Vietnam\dataset\projects\commons-lang\src\test\java\org\apache\commons\lang3\concurrent\EventCountCircuitBreakerTest.java,
commons-lang,C:\Users\largu\Documents\Vietnam\dataset\projects\commons-lang\src\test\java\org\apache\commons\lang3\concurrent\FutureTasksTest.java,
commons-lang,C:\Users\largu\Documents\Vietnam\dataset\projects\commons-lang\src\test\java\org\apache\commons\lang3\concurrent\LazyInitializerAnonClassTest.java,
commons-lang,C:\Users\largu\Documents\Vietnam\dataset\projects\commons-lang\src\test\java\org\apache\commons\lang3\concurrent\LazyInitializerCloserTest.java,
commons-lang,C:\Users\largu\Documents\Vietnam\dataset\projects\commons-lang\src\test\java\org\apache\commons\lang3\concurrent\LazyInitializerFailableCloserTest.java,
commons-lang,C:\Users\largu\Documents\Vietnam\dataset\projects\commons-lang\src\test\java\org\apache\commons\lang3\concurrent\LazyInitializerSimpleTest.java,
commons-lang,C:\Users\largu\Documents\Vietnam\dataset\projects\commons-lang\src\test\java\org\apache\commons\lang3\concurrent\LazyInitializerSingleInstanceTest.java,
commons-lang,C:\Users\largu\Documents\Vietnam\dataset\projects\commons-lang\src\test\java\org\apache\commons\lang3\concurrent\LazyInitializerSupplierTest.java,
commons-lang,C:\Users\largu\Documents\Vietnam\dataset\projects\commons-lang\src\test\java\org\apache\commons\lang3\concurrent\locks\LockingVisitorsTest.java,
commons-lang,C:\Users\largu\Documents\Vietnam\dataset\projects\commons-lang\src\test\java\org\apache\commons\lang3\concurrent\MemoizerComputableTest.java,
commons-lang,C:\Users\largu\Documents\Vietnam\dataset\projects\commons-lang\src\test\java\org\apache\commons\lang3\concurrent\MemoizerFunctionTest.java,
commons-lang,C:\Users\largu\Documents\Vietnam\dataset\projects\commons-lang\src\test\java\org\apache\commons\lang3\concurrent\MultiBackgroundInitializerSupplierTest.java,
commons-lang,C:\Users\largu\Documents\Vietnam\dataset\projects\commons-lang\src\test\java\org\apache\commons\lang3\concurrent\MultiBackgroundInitializerTest.java,
commons-lang,C:\Users\largu\Documents\Vietnam\dataset\projects\commons-lang\src\test\java\org\apache\commons\lang3\concurrent\ThresholdCircuitBreakerTest.java,
commons-lang,C:\Users\largu\Documents\Vietnam\dataset\projects\commons-lang\src\test\java\org\apache\commons\lang3\concurrent\TimedSemaphoreTest.java,
commons-lang,C:\Users\largu\Documents\Vietnam\dataset\projects\commons-lang\src\test\java\org\apache\commons\lang3\concurrent\UncheckedExecutionExceptionTest.java,
commons-lang,C:\Users\largu\Documents\Vietnam\dataset\projects\commons-lang\src\test\java\org\apache\commons\lang3\concurrent\UncheckedFutureTest.java,
commons-lang,C:\Users\largu\Documents\Vietnam\dataset\projects\commons-lang\src\test\java\org\apache\commons\lang3\concurrent\UncheckedTimeoutExceptionTest.java,
commons-lang,C:\Users\largu\Documents\Vietnam\dataset\projects\commons-lang\src\test\java\org\apache\commons\lang3\ConversionTest.java,
commons-lang,C:\Users\largu\Documents\Vietnam\dataset\projects\commons-lang\src\test\java\org\apache\commons\lang3\DoubleRangeTest.java,
commons-lang,C:\Users\largu\Documents\Vietnam\dataset\projects\commons-lang\src\test\java\org\apache\commons\lang3\EnumUtilsTest.java,
commons-lang,C:\Users\largu\Documents\Vietnam\dataset\projects\commons-lang\src\test\java\org\apache\commons\lang3\event\EventListenerSupportTest.java,
commons-lang,C:\Users\largu\Documents\Vietnam\dataset\projects\commons-lang\src\test\java\org\apache\commons\lang3\event\EventUtilsTest.java,
commons-lang,C:\Users\largu\Documents\Vietnam\dataset\projects\commons-lang\src\test\java\org\apache\commons\lang3\exception\AbstractExceptionContextTest.java,
commons-lang,C:\Users\largu\Documents\Vietnam\dataset\projects\commons-lang\src\test\java\org\apache\commons\lang3\exception\AbstractExceptionTest.java,
commons-lang,C:\Users\largu\Documents\Vietnam\dataset\projects\commons-lang\src\test\java\org\apache\commons\lang3\exception\CloneFailedExceptionTest.java,
commons-lang,C:\Users\largu\Documents\Vietnam\dataset\projects\commons-lang\src\test\java\org\apache\commons\lang3\exception\ContextedExceptionTest.java,
commons-lang,C:\Users\largu\Documents\Vietnam\dataset\projects\commons-lang\src\test\java\org\apache\commons\lang3\exception\ContextedRuntimeExceptionTest.java,
commons-lang,C:\Users\largu\Documents\Vietnam\dataset\projects\commons-lang\src\test\java\org\apache\commons\lang3\exception\DefaultExceptionContextTest.java,
commons-lang,C:\Users\largu\Documents\Vietnam\dataset\projects\commons-lang\src\test\java\org\apache\commons\lang3\exception\ExceptionUtilsTest.java,
commons-lang,C:\Users\largu\Documents\Vietnam\dataset\projects\commons-lang\src\test\java\org\apache\commons\lang3\exception\UncheckedExceptionTest.java,
commons-lang,C:\Users\largu\Documents\Vietnam\dataset\projects\commons-lang\src\test\java\org\apache\commons\lang3\exception\UncheckedIllegalAccessExceptionTest.java,
commons-lang,C:\Users\largu\Documents\Vietnam\dataset\projects\commons-lang\src\test\java\org\apache\commons\lang3\exception\UncheckedInterruptedExceptionTest.java,
commons-lang,C:\Users\largu\Documents\Vietnam\dataset\projects\commons-lang\src\test\java\org\apache\commons\lang3\exception\UncheckedReflectiveOperationExceptionTest.java,
commons-lang,C:\Users\largu\Documents\Vietnam\dataset\projects\commons-lang\src\test\java\org\apache\commons\lang3\function\BooleanConsumerTest.java,
commons-lang,C:\Users\largu\Documents\Vietnam\dataset\projects\commons-lang\src\test\java\org\apache\commons\lang3\function\ByteConsumerTest.java,
commons-lang,C:\Users\largu\Documents\Vietnam\dataset\projects\commons-lang\src\test\java\org\apache\commons\lang3\function\ByteSupplierTest.java,
commons-lang,C:\Users\largu\Documents\Vietnam\dataset\projects\commons-lang\src\test\java\org\apache\commons\lang3\function\ConsumersTest.java,
commons-lang,C:\Users\largu\Documents\Vietnam\dataset\projects\commons-lang\src\test\java\org\apache\commons\lang3\function\FailableBiFunctionTest.java,
commons-lang,C:\Users\largu\Documents\Vietnam\dataset\projects\commons-lang\src\test\java\org\apache\commons\lang3\function\FailableBiPredicateTest.java,
commons-lang,C:\Users\largu\Documents\Vietnam\dataset\projects\commons-lang\src\test\java\org\apache\commons\lang3\function\FailableBooleanSupplierTest.java,
commons-lang,C:\Users\largu\Documents\Vietnam\dataset\projects\commons-lang\src\test\java\org\apache\commons\lang3\function\FailableByteConsumerTest.java,
commons-lang,C:\Users\largu\Documents\Vietnam\dataset\projects\commons-lang\src\test\java\org\apache\commons\lang3\function\FailableByteSupplierTest.java,
commons-lang,C:\Users\largu\Documents\Vietnam\dataset\projects\commons-lang\src\test\java\org\apache\commons\lang3\function\FailableCallableTest.java,
commons-lang,C:\Users\largu\Documents\Vietnam\dataset\projects\commons-lang\src\test\java\org\apache\commons\lang3\function\FailableConsumerTest.java,
commons-lang,C:\Users\largu\Documents\Vietnam\dataset\projects\commons-lang\src\test\java\org\apache\commons\lang3\function\FailableDoubleBinaryOperatorTest.java,
commons-lang,C:\Users\largu\Documents\Vietnam\dataset\projects\commons-lang\src\test\java\org\apache\commons\lang3\function\FailableDoubleConsumerTest.java,
commons-lang,C:\Users\largu\Documents\Vietnam\dataset\projects\commons-lang\src\test\java\org\apache\commons\lang3\function\FailableDoubleFunctionTest.java,
commons-lang,C:\Users\largu\Documents\Vietnam\dataset\projects\commons-lang\src\test\java\org\apache\commons\lang3\function\FailableDoublePredicateTest.java,
commons-lang,C:\Users\largu\Documents\Vietnam\dataset\projects\commons-lang\src\test\java\org\apache\commons\lang3\function\FailableDoubleSupplierTest.java,
commons-lang,C:\Users\largu\Documents\Vietnam\dataset\projects\commons-lang\src\test\java\org\apache\commons\lang3\function\FailableDoubleToIntFunctionTest.java,
commons-lang,C:\Users\largu\Documents\Vietnam\dataset\projects\commons-lang\src\test\java\org\apache\commons\lang3\function\FailableDoubleToLongFunctionTest.java,
commons-lang,C:\Users\largu\Documents\Vietnam\dataset\projects\commons-lang\src\test\java\org\apache\commons\lang3\function\FailableDoubleUnaryOperatorTest.java,
commons-lang,C:\Users\largu\Documents\Vietnam\dataset\projects\commons-lang\src\test\java\org\apache\commons\lang3\function\FailableFunctionTest.java,
commons-lang,C:\Users\largu\Documents\Vietnam\dataset\projects\commons-lang\src\test\java\org\apache\commons\lang3\function\FailableIntBinaryOperatorTest.java,
commons-lang,C:\Users\largu\Documents\Vietnam\dataset\projects\commons-lang\src\test\java\org\apache\commons\lang3\function\FailableIntConsumerTest.java,
commons-lang,C:\Users\largu\Documents\Vietnam\dataset\projects\commons-lang\src\test\java\org\apache\commons\lang3\function\FailableIntFunctionTest.java,
commons-lang,C:\Users\largu\Documents\Vietnam\dataset\projects\commons-lang\src\test\java\org\apache\commons\lang3\function\FailableIntPredicateTest.java,
commons-lang,C:\Users\largu\Documents\Vietnam\dataset\projects\commons-lang\src\test\java\org\apache\commons\lang3\function\FailableIntSupplierTest.java,
commons-lang,C:\Users\largu\Documents\Vietnam\dataset\projects\commons-lang\src\test\java\org\apache\commons\lang3\function\FailableIntToDoubleFunctionTest.java,
commons-lang,C:\Users\largu\Documents\Vietnam\dataset\projects\commons-lang\src\test\java\org\apache\commons\lang3\function\FailableIntToFloatFunctionTest.java,
commons-lang,C:\Users\largu\Documents\Vietnam\dataset\projects\commons-lang\src\test\java\org\apache\commons\lang3\function\FailableIntToLongFunctionTest.java,
commons-lang,C:\Users\largu\Documents\Vietnam\dataset\projects\commons-lang\src\test\java\org\apache\commons\lang3\function\FailableIntUnaryOperatorTest.java,
commons-lang,C:\Users\largu\Documents\Vietnam\dataset\projects\commons-lang\src\test\java\org\apache\commons\lang3\function\FailableLongBinaryOperatorTest.java,
commons-lang,C:\Users\largu\Documents\Vietnam\dataset\projects\commons-lang\src\test\java\org\apache\commons\lang3\function\FailableLongConsumerTest.java,
commons-lang,C:\Users\largu\Documents\Vietnam\dataset\projects\commons-lang\src\test\java\org\apache\commons\lang3\function\FailableLongFunctionTest.java,
commons-lang,C:\Users\largu\Documents\Vietnam\dataset\projects\commons-lang\src\test\java\org\apache\commons\lang3\function\FailableLongPredicateTest.java,
commons-lang,C:\Users\largu\Documents\Vietnam\dataset\projects\commons-lang\src\test\java\org\apache\commons\lang3\function\FailableLongSupplierTest.java,
commons-lang,C:\Users\largu\Documents\Vietnam\dataset\projects\commons-lang\src\test\java\org\apache\commons\lang3\function\FailableLongToDoubleFunctionTest.java,
commons-lang,C:\Users\largu\Documents\Vietnam\dataset\projects\commons-lang\src\test\java\org\apache\commons\lang3\function\FailableLongToIntFunctionTest.java,
commons-lang,C:\Users\largu\Documents\Vietnam\dataset\projects\commons-lang\src\test\java\org\apache\commons\lang3\function\FailableLongUnaryOperatorTest.java,
commons-lang,C:\Users\largu\Documents\Vietnam\dataset\projects\commons-lang\src\test\java\org\apache\commons\lang3\function\FailableObjDoubleConsumerTest.java,
commons-lang,C:\Users\largu\Documents\Vietnam\dataset\projects\commons-lang\src\test\java\org\apache\commons\lang3\function\FailableObjIntConsumerTest.java,
commons-lang,C:\Users\largu\Documents\Vietnam\dataset\projects\commons-lang\src\test\java\org\apache\commons\lang3\function\FailableObjLongConsumerTest.java,
commons-lang,C:\Users\largu\Documents\Vietnam\dataset\projects\commons-lang\src\test\java\org\apache\commons\lang3\function\FailablePredicateTest.java,
commons-lang,C:\Users\largu\Documents\Vietnam\dataset\projects\commons-lang\src\test\java\org\apache\commons\lang3\function\FailableRunnableTest.java,
commons-lang,C:\Users\largu\Documents\Vietnam\dataset\projects\commons-lang\src\test\java\org\apache\commons\lang3\function\FailableShortSupplierTest.java,
commons-lang,C:\Users\largu\Documents\Vietnam\dataset\projects\commons-lang\src\test\java\org\apache\commons\lang3\function\FailableSupplierTest.java,
commons-lang,C:\Users\largu\Documents\Vietnam\dataset\projects\commons-lang\src\test\java\org\apache\commons\lang3\function\FailableTest.java,
commons-lang,C:\Users\largu\Documents\Vietnam\dataset\projects\commons-lang\src\test\java\org\apache\commons\lang3\function\FailableToBooleanFunctionTest.java,
commons-lang,C:\Users\largu\Documents\Vietnam\dataset\projects\commons-lang\src\test\java\org\apache\commons\lang3\function\FailableToDoubleBiFunctionTest.java,
commons-lang,C:\Users\largu\Documents\Vietnam\dataset\projects\commons-lang\src\test\java\org\apache\commons\lang3\function\FailableToDoubleFunctionTest.java,
commons-lang,C:\Users\largu\Documents\Vietnam\dataset\projects\commons-lang\src\test\java\org\apache\commons\lang3\function\FailableToIntBiFunctionTest.java,
commons-lang,C:\Users\largu\Documents\Vietnam\dataset\projects\commons-lang\src\test\java\org\apache\commons\lang3\function\FailableToIntFunctionTest.java,
commons-lang,C:\Users\largu\Documents\Vietnam\dataset\projects\commons-lang\src\test\java\org\apache\commons\lang3\function\FailableToLongBiFunctionTest.java,
commons-lang,C:\Users\largu\Documents\Vietnam\dataset\projects\commons-lang\src\test\java\org\apache\commons\lang3\function\FailableToLongFunctionTest.java,
commons-lang,C:\Users\largu\Documents\Vietnam\dataset\projects\commons-lang\src\test\java\org\apache\commons\lang3\function\FunctionsTest.java,
commons-lang,C:\Users\largu\Documents\Vietnam\dataset\projects\commons-lang\src\test\java\org\apache\commons\lang3\function\IntToCharFunctionTest.java,
commons-lang,C:\Users\largu\Documents\Vietnam\dataset\projects\commons-lang\src\test\java\org\apache\commons\lang3\function\MethodInvokersBiConsumerTest.java,
commons-lang,C:\Users\largu\Documents\Vietnam\dataset\projects\commons-lang\src\test\java\org\apache\commons\lang3\function\MethodInvokersBiFunctionTest.java,
commons-lang,C:\Users\largu\Documents\Vietnam\dataset\projects\commons-lang\src\test\java\org\apache\commons\lang3\function\MethodInvokersFailableBiConsumerTest.java,
commons-lang,C:\Users\largu\Documents\Vietnam\dataset\projects\commons-lang\src\test\java\org\apache\commons\lang3\function\MethodInvokersFailableBiFunctionTest.java,
commons-lang,C:\Users\largu\Documents\Vietnam\dataset\projects\commons-lang\src\test\java\org\apache\commons\lang3\function\MethodInvokersFailableFunctionTest.java,
commons-lang,C:\Users\largu\Documents\Vietnam\dataset\projects\commons-lang\src\test\java\org\apache\commons\lang3\function\MethodInvokersFailableSupplierTest.java,
commons-lang,C:\Users\largu\Documents\Vietnam\dataset\projects\commons-lang\src\test\java\org\apache\commons\lang3\function\MethodInvokersFunctionTest.java,
commons-lang,C:\Users\largu\Documents\Vietnam\dataset\projects\commons-lang\src\test\java\org\apache\commons\lang3\function\MethodInvokersSupplierTest.java,
commons-lang,C:\Users\largu\Documents\Vietnam\dataset\projects\commons-lang\src\test\java\org\apache\commons\lang3\function\PredicatesTest.java,
commons-lang,C:\Users\largu\Documents\Vietnam\dataset\projects\commons-lang\src\test\java\org\apache\commons\lang3\function\SuppliersTest.java,
commons-lang,C:\Users\largu\Documents\Vietnam\dataset\projects\commons-lang\src\test\java\org\apache\commons\lang3\function\ToBooleanBiFunctionTest.java,
commons-lang,C:\Users\largu\Documents\Vietnam\dataset\projects\commons-lang\src\test\java\org\apache\commons\lang3\function\TriConsumerTest.java,
commons-lang,C:\Users\largu\Documents\Vietnam\dataset\projects\commons-lang\src\test\java\org\apache\commons\lang3\function\TriFunctionTest.java,
commons-lang,C:\Users\largu\Documents\Vietnam\dataset\projects\commons-lang\src\test\java\org\apache\commons\lang3\FunctionsTest.java,
commons-lang,C:\Users\largu\Documents\Vietnam\dataset\projects\commons-lang\src\test\java\org\apache\commons\lang3\IntegerRangeTest.java,
commons-lang,C:\Users\largu\Documents\Vietnam\dataset\projects\commons-lang\src\test\java\org\apache\commons\lang3\JavaVersionTest.java,
commons-lang,C:\Users\largu\Documents\Vietnam\dataset\projects\commons-lang\src\test\java\org\apache\commons\lang3\LocaleUtilsTest.java,
commons-lang,C:\Users\largu\Documents\Vietnam\dataset\projects\commons-lang\src\test\java\org\apache\commons\lang3\LongRangeTest.java,
commons-lang,C:\Users\largu\Documents\Vietnam\dataset\projects\commons-lang\src\test\java\org\apache\commons\lang3\math\FractionReadObjectTest.java,
commons-lang,C:\Users\largu\Documents\Vietnam\dataset\projects\commons-lang\src\test\java\org\apache\commons\lang3\math\FractionTest.java,
commons-lang,C:\Users\largu\Documents\Vietnam\dataset\projects\commons-lang\src\test\java\org\apache\commons\lang3\math\IEEE754rUtilsTest.java,
commons-lang,C:\Users\largu\Documents\Vietnam\dataset\projects\commons-lang\src\test\java\org\apache\commons\lang3\math\NumberUtilsTest.java,
commons-lang,C:\Users\largu\Documents\Vietnam\dataset\projects\commons-lang\src\test\java\org\apache\commons\lang3\mutable\MutableBooleanTest.java,
commons-lang,C:\Users\largu\Documents\Vietnam\dataset\projects\commons-lang\src\test\java\org\apache\commons\lang3\mutable\MutableByteTest.java,
commons-lang,C:\Users\largu\Documents\Vietnam\dataset\projects\commons-lang\src\test\java\org\apache\commons\lang3\mutable\MutableDoubleTest.java,
commons-lang,C:\Users\largu\Documents\Vietnam\dataset\projects\commons-lang\src\test\java\org\apache\commons\lang3\mutable\MutableFloatTest.java,
commons-lang,C:\Users\largu\Documents\Vietnam\dataset\projects\commons-lang\src\test\java\org\apache\commons\lang3\mutable\MutableIntTest.java,
commons-lang,C:\Users\largu\Documents\Vietnam\dataset\projects\commons-lang\src\test\java\org\apache\commons\lang3\mutable\MutableLongTest.java,
commons-lang,C:\Users\largu\Documents\Vietnam\dataset\projects\commons-lang\src\test\java\org\apache\commons\lang3\mutable\MutableObjectTest.java,
commons-lang,C:\Users\largu\Documents\Vietnam\dataset\projects\commons-lang\src\test\java\org\apache\commons\lang3\mutable\MutableShortTest.java,
commons-lang,C:\Users\largu\Documents\Vietnam\dataset\projects\commons-lang\src\test\java\org\apache\commons\lang3\NotImplementedExceptionTest.java,
commons-lang,C:\Users\largu\Documents\Vietnam\dataset\projects\commons-lang\src\test\java\org\apache\commons\lang3\ObjectUtilsTest.java,
commons-lang,C:\Users\largu\Documents\Vietnam\dataset\projects\commons-lang\src\test\java\org\apache\commons\lang3\RandomStringUtilsTest.java,
commons-lang,C:\Users\largu\Documents\Vietnam\dataset\projects\commons-lang\src\test\java\org\apache\commons\lang3\RandomUtilsTest.java,
commons-lang,C:\Users\largu\Documents\Vietnam\dataset\projects\commons-lang\src\test\java\org\apache\commons\lang3\RangeReadObjectTest.java,
commons-lang,C:\Users\largu\Documents\Vietnam\dataset\projects\commons-lang\src\test\java\org\apache\commons\lang3\RangeTest.java,
commons-lang,C:\Users\largu\Documents\Vietnam\dataset\projects\commons-lang\src\test\java\org\apache\commons\lang3\reflect\ConstructorUtilsTest.java,
commons-lang,C:\Users\largu\Documents\Vietnam\dataset\projects\commons-lang\src\test\java\org\apache\commons\lang3\reflect\FieldUtilsTest.java,
commons-lang,C:\Users\largu\Documents\Vietnam\dataset\projects\commons-lang\src\test\java\org\apache\commons\lang3\reflect\InheritanceUtilsTest.java,
commons-lang,C:\Users\largu\Documents\Vietnam\dataset\projects\commons-lang\src\test\java\org\apache\commons\lang3\reflect\Lang1703Test.java,
commons-lang,C:\Users\largu\Documents\Vietnam\dataset\projects\commons-lang\src\test\java\org\apache\commons\lang3\reflect\Lang1792Test.java,
commons-lang,C:\Users\largu\Documents\Vietnam\dataset\projects\commons-lang\src\test\java\org\apache\commons\lang3\reflect\MethodUtilsAnnotationsTest.java,
commons-lang,C:\Users\largu\Documents\Vietnam\dataset\projects\commons-lang\src\test\java\org\apache\commons\lang3\reflect\MethodUtilsTest.java,
commons-lang,C:\Users\largu\Documents\Vietnam\dataset\projects\commons-lang\src\test\java\org\apache\commons\lang3\reflect\TypeLiteralTest.java,
commons-lang,C:\Users\largu\Documents\Vietnam\dataset\projects\commons-lang\src\test\java\org\apache\commons\lang3\reflect\TypeUtilsTest.java,
commons-lang,C:\Users\largu\Documents\Vietnam\dataset\projects\commons-lang\src\test\java\org\apache\commons\lang3\RegExUtilsTest.java,
commons-lang,C:\Users\largu\Documents\Vietnam\dataset\projects\commons-lang\src\test\java\org\apache\commons\lang3\RuntimeEnvironmentTest.java,
commons-lang,C:\Users\largu\Documents\Vietnam\dataset\projects\commons-lang\src\test\java\org\apache\commons\lang3\SerializationUtilsTest.java,
commons-lang,C:\Users\largu\Documents\Vietnam\dataset\projects\commons-lang\src\test\java\org\apache\commons\lang3\stream\FailableStreamTest.java,
commons-lang,C:\Users\largu\Documents\Vietnam\dataset\projects\commons-lang\src\test\java\org\apache\commons\lang3\stream\IntStreamsTest.java,
commons-lang,C:\Users\largu\Documents\Vietnam\dataset\projects\commons-lang\src\test\java\org\apache\commons\lang3\stream\LangCollectorsTest.java,
commons-lang,C:\Users\largu\Documents\Vietnam\dataset\projects\commons-lang\src\test\java\org\apache\commons\lang3\stream\StreamsTest.java,
commons-lang,C:\Users\largu\Documents\Vietnam\dataset\projects\commons-lang\src\test\java\org\apache\commons\lang3\StreamsTest.java,
commons-lang,C:\Users\largu\Documents\Vietnam\dataset\projects\commons-lang\src\test\java\org\apache\commons\lang3\StringEscapeUtilsTest.java,
commons-lang,C:\Users\largu\Documents\Vietnam\dataset\projects\commons-lang\src\test\java\org\apache\commons\lang3\StringsTest.java,
commons-lang,C:\Users\largu\Documents\Vietnam\dataset\projects\commons-lang\src\test\java\org\apache\commons\lang3\StringUtilsAbbreviateTest.java,
commons-lang,C:\Users\largu\Documents\Vietnam\dataset\projects\commons-lang\src\test\java\org\apache\commons\lang3\StringUtilsContainsTest.java,
commons-lang,C:\Users\largu\Documents\Vietnam\dataset\projects\commons-lang\src\test\java\org\apache\commons\lang3\StringUtilsEmptyBlankTest.java,
commons-lang,C:\Users\largu\Documents\Vietnam\dataset\projects\commons-lang\src\test\java\org\apache\commons\lang3\StringUtilsEqualsIndexOfTest.java,
commons-lang,C:\Users\largu\Documents\Vietnam\dataset\projects\commons-lang\src\test\java\org\apache\commons\lang3\StringUtilsIndexOfAnyTest.java,
commons-lang,C:\Users\largu\Documents\Vietnam\dataset\projects\commons-lang\src\test\java\org\apache\commons\lang3\StringUtilsIsMixedCaseTest.java,
commons-lang,C:\Users\largu\Documents\Vietnam\dataset\projects\commons-lang\src\test\java\org\apache\commons\lang3\StringUtilsIsTest.java,
commons-lang,C:\Users\largu\Documents\Vietnam\dataset\projects\commons-lang\src\test\java\org\apache\commons\lang3\StringUtilsJoinExceptionTest.java,
commons-lang,C:\Users\largu\Documents\Vietnam\dataset\projects\commons-lang\src\test\java\org\apache\commons\lang3\StringUtilsStartsEndsWithTest.java,
commons-lang,C:\Users\largu\Documents\Vietnam\dataset\projects\commons-lang\src\test\java\org\apache\commons\lang3\StringUtilsStripTest.java,
commons-lang,C:\Users\largu\Documents\Vietnam\dataset\projects\commons-lang\src\test\java\org\apache\commons\lang3\StringUtilsSubstringTest.java,
commons-lang,C:\Users\largu\Documents\Vietnam\dataset\projects\commons-lang\src\test\java\org\apache\commons\lang3\StringUtilsTest.java,
commons-lang,C:\Users\largu\Documents\Vietnam\dataset\projects\commons-lang\src\test\java\org\apache\commons\lang3\StringUtilsTrimTest.java,
commons-lang,C:\Users\largu\Documents\Vietnam\dataset\projects\commons-lang\src\test\java\org\apache\commons\lang3\StringUtilsValueOfTest.java,
commons-lang,C:\Users\largu\Documents\Vietnam\dataset\projects\commons-lang\src\test\java\org\apache\commons\lang3\SystemPropertiesTest.java,
commons-lang,C:\Users\largu\Documents\Vietnam\dataset\projects\commons-lang\src\test\java\org\apache\commons\lang3\SystemUtilsTest.java,
commons-lang,C:\Users\largu\Documents\Vietnam\dataset\projects\commons-lang\src\test\java\org\apache\commons\lang3\text\CompositeFormatTest.java,
commons-lang,C:\Users\largu\Documents\Vietnam\dataset\projects\commons-lang\src\test\java\org\apache\commons\lang3\text\ExtendedMessageFormatTest.java,
commons-lang,C:\Users\largu\Documents\Vietnam\dataset\projects\commons-lang\src\test\java\org\apache\commons\lang3\text\FormattableUtilsTest.java,
commons-lang,C:\Users\largu\Documents\Vietnam\dataset\projects\commons-lang\src\test\java\org\apache\commons\lang3\text\StrBuilderAppendInsertTest.java,
commons-lang,C:\Users\largu\Documents\Vietnam\dataset\projects\commons-lang\src\test\java\org\apache\commons\lang3\text\StrBuilderClearTest.java,
commons-lang,C:\Users\largu\Documents\Vietnam\dataset\projects\commons-lang\src\test\java\org\apache\commons\lang3\text\StrBuilderTest.java,
commons-lang,C:\Users\largu\Documents\Vietnam\dataset\projects\commons-lang\src\test\java\org\apache\commons\lang3\text\StrLookupTest.java,
commons-lang,C:\Users\largu\Documents\Vietnam\dataset\projects\commons-lang\src\test\java\org\apache\commons\lang3\text\StrMatcherTest.java,
commons-lang,C:\Users\largu\Documents\Vietnam\dataset\projects\commons-lang\src\test\java\org\apache\commons\lang3\text\StrSubstitutorTest.java,
commons-lang,C:\Users\largu\Documents\Vietnam\dataset\projects\commons-lang\src\test\java\org\apache\commons\lang3\text\StrTokenizerTest.java,
commons-lang,C:\Users\largu\Documents\Vietnam\dataset\projects\commons-lang\src\test\java\org\apache\commons\lang3\text\translate\EntityArraysTest.java,
commons-lang,C:\Users\largu\Documents\Vietnam\dataset\projects\commons-lang\src\test\java\org\apache\commons\lang3\text\translate\LookupTranslatorTest.java,
commons-lang,C:\Users\largu\Documents\Vietnam\dataset\projects\commons-lang\src\test\java\org\apache\commons\lang3\text\translate\NumericEntityEscaperTest.java,
commons-lang,C:\Users\largu\Documents\Vietnam\dataset\projects\commons-lang\src\test\java\org\apache\commons\lang3\text\translate\NumericEntityUnescaperTest.java,
commons-lang,C:\Users\largu\Documents\Vietnam\dataset\projects\commons-lang\src\test\java\org\apache\commons\lang3\text\translate\OctalUnescaperTest.java,
commons-lang,C:\Users\largu\Documents\Vietnam\dataset\projects\commons-lang\src\test\java\org\apache\commons\lang3\text\translate\UnicodeEscaperTest.java,
commons-lang,C:\Users\largu\Documents\Vietnam\dataset\projects\commons-lang\src\test\java\org\apache\commons\lang3\text\translate\UnicodeUnescaperTest.java,
commons-lang,C:\Users\largu\Documents\Vietnam\dataset\projects\commons-lang\src\test\java\org\apache\commons\lang3\text\translate\UnicodeUnpairedSurrogateRemoverTest.java,
commons-lang,C:\Users\largu\Documents\Vietnam\dataset\projects\commons-lang\src\test\java\org\apache\commons\lang3\text\WordUtilsTest.java,
commons-lang,C:\Users\largu\Documents\Vietnam\dataset\projects\commons-lang\src\test\java\org\apache\commons\lang3\ThreadUtilsTest.java,
commons-lang,C:\Users\largu\Documents\Vietnam\dataset\projects\commons-lang\src\test\java\org\apache\commons\lang3\time\CalendarUtilsTest.java,
commons-lang,C:\Users\largu\Documents\Vietnam\dataset\projects\commons-lang\src\test\java\org\apache\commons\lang3\time\DateFormatUtilsTest.java,
commons-lang,C:\Users\largu\Documents\Vietnam\dataset\projects\commons-lang\src\test\java\org\apache\commons\lang3\time\DateUtilsFragmentTest.java,
commons-lang,C:\Users\largu\Documents\Vietnam\dataset\projects\commons-lang\src\test\java\org\apache\commons\lang3\time\DateUtilsRoundingTest.java,
commons-lang,C:\Users\largu\Documents\Vietnam\dataset\projects\commons-lang\src\test\java\org\apache\commons\lang3\time\DateUtilsTest.java,
commons-lang,C:\Users\largu\Documents\Vietnam\dataset\projects\commons-lang\src\test\java\org\apache\commons\lang3\time\DurationFormatUtilsTest.java,
commons-lang,C:\Users\largu\Documents\Vietnam\dataset\projects\commons-lang\src\test\java\org\apache\commons\lang3\time\DurationUtilsTest.java,
commons-lang,C:\Users\largu\Documents\Vietnam\dataset\projects\commons-lang\src\test\java\org\apache\commons\lang3\time\FastDateFormatTest.java,
commons-lang,C:\Users\largu\Documents\Vietnam\dataset\projects\commons-lang\src\test\java\org\apache\commons\lang3\time\FastDateFormat_PrinterTest.java,
commons-lang,C:\Users\largu\Documents\Vietnam\dataset\projects\commons-lang\src\test\java\org\apache\commons\lang3\time\FastDateParserJava15BugTest.java,
commons-lang,C:\Users\largu\Documents\Vietnam\dataset\projects\commons-lang\src\test\java\org\apache\commons\lang3\time\FastDateParserSDFTest.java,
commons-lang,C:\Users\largu\Documents\Vietnam\dataset\projects\commons-lang\src\test\java\org\apache\commons\lang3\time\FastDateParserTest.java,
commons-lang,C:\Users\largu\Documents\Vietnam\dataset\projects\commons-lang\src\test\java\org\apache\commons\lang3\time\FastDateParser_MoreOrLessTest.java,
commons-lang,C:\Users\largu\Documents\Vietnam\dataset\projects\commons-lang\src\test\java\org\apache\commons\lang3\time\FastDateParser_TimeZoneStrategyTest.java,
commons-lang,C:\Users\largu\Documents\Vietnam\dataset\projects\commons-lang\src\test\java\org\apache\commons\lang3\time\FastDatePrinterTest.java,
commons-lang,C:\Users\largu\Documents\Vietnam\dataset\projects\commons-lang\src\test\java\org\apache\commons\lang3\time\FastDatePrinterTimeZonesTest.java,
commons-lang,C:\Users\largu\Documents\Vietnam\dataset\projects\commons-lang\src\test\java\org\apache\commons\lang3\time\FastTimeZoneTest.java,
commons-lang,C:\Users\largu\Documents\Vietnam\dataset\projects\commons-lang\src\test\java\org\apache\commons\lang3\time\GmtTimeZoneTest.java,
commons-lang,C:\Users\largu\Documents\Vietnam\dataset\projects\commons-lang\src\test\java\org\apache\commons\lang3\time\ImmutableTimeZoneTest.java,
commons-lang,C:\Users\largu\Documents\Vietnam\dataset\projects\commons-lang\src\test\java\org\apache\commons\lang3\time\InstantsTest.java,
commons-lang,C:\Users\largu\Documents\Vietnam\dataset\projects\commons-lang\src\test\java\org\apache\commons\lang3\time\StopWatchTest.java,
commons-lang,C:\Users\largu\Documents\Vietnam\dataset\projects\commons-lang\src\test\java\org\apache\commons\lang3\time\TimeZonesGmtTest.java,
commons-lang,C:\Users\largu\Documents\Vietnam\dataset\projects\commons-lang\src\test\java\org\apache\commons\lang3\time\TimeZonesTest.java,
commons-lang,C:\Users\largu\Documents\Vietnam\dataset\projects\commons-lang\src\test\java\org\apache\commons\lang3\time\WeekYearTest.java,
commons-lang,C:\Users\largu\Documents\Vietnam\dataset\projects\commons-lang\src\test\java\org\apache\commons\lang3\tuple\ImmutablePairTest.java,
commons-lang,C:\Users\largu\Documents\Vietnam\dataset\projects\commons-lang\src\test\java\org\apache\commons\lang3\tuple\ImmutableTripleTest.java,
commons-lang,C:\Users\largu\Documents\Vietnam\dataset\projects\commons-lang\src\test\java\org\apache\commons\lang3\tuple\MutablePairTest.java,
commons-lang,C:\Users\largu\Documents\Vietnam\dataset\projects\commons-lang\src\test\java\org\apache\commons\lang3\tuple\MutableTripleTest.java,
commons-lang,C:\Users\largu\Documents\Vietnam\dataset\projects\commons-lang\src\test\java\org\apache\commons\lang3\tuple\PairTest.java,
commons-lang,C:\Users\largu\Documents\Vietnam\dataset\projects\commons-lang\src\test\java\org\apache\commons\lang3\tuple\TripleTest.java,
commons-lang,C:\Users\largu\Documents\Vietnam\dataset\projects\commons-lang\src\test\java\org\apache\commons\lang3\util\FluentBitSetTest.java,
commons-lang,C:\Users\largu\Documents\Vietnam\dataset\projects\commons-lang\src\test\java\org\apache\commons\lang3\util\IterableStringTokenizerTest.java,
commons-lang,C:\Users\largu\Documents\Vietnam\dataset\projects\commons-lang\src\test\java\org\apache\commons\lang3\ValidateDoublesTest.java,
commons-lang,C:\Users\largu\Documents\Vietnam\dataset\projects\commons-lang\src\test\java\org\apache\commons\lang3\ValidateTest.java,
