resilience4j,C:\Users\largu\Documents\Vietnam\dataset\projects\resilience4j\resilience4j-all\src\test\java\io\github\resilience4j\decorators\DecoratorsTest.java,
resilience4j,C:\Users\largu\Documents\Vietnam\dataset\projects\resilience4j\resilience4j-bulkhead\src\jcstress\java\io\github\resilience4j\bulkhead\concurrent\ConcurrentBulkheadTest.java,
resilience4j,C:\Users\largu\Documents\Vietnam\dataset\projects\resilience4j\resilience4j-bulkhead\src\test\java\io\github\resilience4j\bulkhead\BulkheadConfigTest.java,
resilience4j,C:\Users\largu\Documents\Vietnam\dataset\projects\resilience4j\resilience4j-bulkhead\src\test\java\io\github\resilience4j\bulkhead\BulkheadEventPublisherTest.java,
resilience4j,C:\Users\largu\Documents\Vietnam\dataset\projects\resilience4j\resilience4j-bulkhead\src\test\java\io\github\resilience4j\bulkhead\BulkheadFutureTest.java,
resilience4j,C:\Users\largu\Documents\Vietnam\dataset\projects\resilience4j\resilience4j-bulkhead\src\test\java\io\github\resilience4j\bulkhead\BulkheadRegistryTest.java,
resilience4j,C:\Users\largu\Documents\Vietnam\dataset\projects\resilience4j\resilience4j-bulkhead\src\test\java\io\github\resilience4j\bulkhead\BulkheadTest.java,
resilience4j,C:\Users\largu\Documents\Vietnam\dataset\projects\resilience4j\resilience4j-bulkhead\src\test\java\io\github\resilience4j\bulkhead\event\BulkheadEventTest.java,
resilience4j,C:\Users\largu\Documents\Vietnam\dataset\projects\resilience4j\resilience4j-bulkhead\src\test\java\io\github\resilience4j\bulkhead\internal\FixedThreadPoolBulkheadTest.java,
resilience4j,C:\Users\largu\Documents\Vietnam\dataset\projects\resilience4j\resilience4j-bulkhead\src\test\java\io\github\resilience4j\bulkhead\internal\SemaphoreBulkheadTest.java,
resilience4j,C:\Users\largu\Documents\Vietnam\dataset\projects\resilience4j\resilience4j-bulkhead\src\test\java\io\github\resilience4j\bulkhead\ThreadPoolBulkheadConfigTest.java,
resilience4j,C:\Users\largu\Documents\Vietnam\dataset\projects\resilience4j\resilience4j-bulkhead\src\test\java\io\github\resilience4j\bulkhead\ThreadPoolBulkheadEventPublisherTest.java,
resilience4j,C:\Users\largu\Documents\Vietnam\dataset\projects\resilience4j\resilience4j-bulkhead\src\test\java\io\github\resilience4j\bulkhead\ThreadPoolBulkheadRegistryTest.java,
resilience4j,C:\Users\largu\Documents\Vietnam\dataset\projects\resilience4j\resilience4j-bulkhead\src\test\java\io\github\resilience4j\bulkhead\ThreadPoolBulkheadTest.java,
resilience4j,C:\Users\largu\Documents\Vietnam\dataset\projects\resilience4j\resilience4j-cache\src\test\java\io\github\resilience4j\cache\CacheConcurrencyTest.java,
resilience4j,C:\Users\largu\Documents\Vietnam\dataset\projects\resilience4j\resilience4j-cache\src\test\java\io\github\resilience4j\cache\CacheEventPublisherTest.java,
resilience4j,C:\Users\largu\Documents\Vietnam\dataset\projects\resilience4j\resilience4j-cache\src\test\java\io\github\resilience4j\cache\CacheRegistryStoreTest.java,
resilience4j,C:\Users\largu\Documents\Vietnam\dataset\projects\resilience4j\resilience4j-cache\src\test\java\io\github\resilience4j\cache\CacheTest.java,
resilience4j,C:\Users\largu\Documents\Vietnam\dataset\projects\resilience4j\resilience4j-cache\src\test\java\io\github\resilience4j\cache\event\CacheEventTest.java,
resilience4j,C:\Users\largu\Documents\Vietnam\dataset\projects\resilience4j\resilience4j-cache\src\test\java\io\github\resilience4j\cache\internal\ComputeIfAbsentTest.java,
resilience4j,C:\Users\largu\Documents\Vietnam\dataset\projects\resilience4j\resilience4j-circuitbreaker\src\test\java\io\github\resilience4j\circuitbreaker\CallNotPermittedExceptionTest.java,
resilience4j,C:\Users\largu\Documents\Vietnam\dataset\projects\resilience4j\resilience4j-circuitbreaker\src\test\java\io\github\resilience4j\circuitbreaker\CircuitBreakerConfigTest.java,
resilience4j,C:\Users\largu\Documents\Vietnam\dataset\projects\resilience4j\resilience4j-circuitbreaker\src\test\java\io\github\resilience4j\circuitbreaker\CircuitBreakerEventPublisherTest.java,
resilience4j,C:\Users\largu\Documents\Vietnam\dataset\projects\resilience4j\resilience4j-circuitbreaker\src\test\java\io\github\resilience4j\circuitbreaker\CircuitBreakerFutureTest.java,
resilience4j,C:\Users\largu\Documents\Vietnam\dataset\projects\resilience4j\resilience4j-circuitbreaker\src\test\java\io\github\resilience4j\circuitbreaker\CircuitBreakerOpenExceptionTest.java,
resilience4j,C:\Users\largu\Documents\Vietnam\dataset\projects\resilience4j\resilience4j-circuitbreaker\src\test\java\io\github\resilience4j\circuitbreaker\CircuitBreakerRegistryTest.java,
resilience4j,C:\Users\largu\Documents\Vietnam\dataset\projects\resilience4j\resilience4j-circuitbreaker\src\test\java\io\github\resilience4j\circuitbreaker\CircuitBreakerTest.java,
resilience4j,C:\Users\largu\Documents\Vietnam\dataset\projects\resilience4j\resilience4j-circuitbreaker\src\test\java\io\github\resilience4j\circuitbreaker\CircuitBreakerThreadModeCompatibilityTest.java,
resilience4j,C:\Users\largu\Documents\Vietnam\dataset\projects\resilience4j\resilience4j-circuitbreaker\src\test\java\io\github\resilience4j\circuitbreaker\event\CircuitBreakerEventTest.java,
resilience4j,C:\Users\largu\Documents\Vietnam\dataset\projects\resilience4j\resilience4j-circuitbreaker\src\test\java\io\github\resilience4j\circuitbreaker\IllegalStateTransitionExceptionTest.java,
resilience4j,C:\Users\largu\Documents\Vietnam\dataset\projects\resilience4j\resilience4j-circuitbreaker\src\test\java\io\github\resilience4j\circuitbreaker\internal\CircuitBreakerAutoTransitionStateMachineTest.java,
resilience4j,C:\Users\largu\Documents\Vietnam\dataset\projects\resilience4j\resilience4j-circuitbreaker\src\test\java\io\github\resilience4j\circuitbreaker\internal\CircuitBreakerExceptionHandlingTest.java,
resilience4j,C:\Users\largu\Documents\Vietnam\dataset\projects\resilience4j\resilience4j-circuitbreaker\src\test\java\io\github\resilience4j\circuitbreaker\internal\CircuitBreakerMetricsTest.java,
resilience4j,C:\Users\largu\Documents\Vietnam\dataset\projects\resilience4j\resilience4j-circuitbreaker\src\test\java\io\github\resilience4j\circuitbreaker\internal\CircuitBreakerResultHandlingTest.java,
resilience4j,C:\Users\largu\Documents\Vietnam\dataset\projects\resilience4j\resilience4j-circuitbreaker\src\test\java\io\github\resilience4j\circuitbreaker\internal\CircuitBreakerStateMachineTest.java,
resilience4j,C:\Users\largu\Documents\Vietnam\dataset\projects\resilience4j\resilience4j-circuitbreaker\src\test\java\io\github\resilience4j\circuitbreaker\internal\CircuitBreakerStateMachineThreadModeTest.java,
resilience4j,C:\Users\largu\Documents\Vietnam\dataset\projects\resilience4j\resilience4j-circuitbreaker\src\test\java\io\github\resilience4j\circuitbreaker\internal\InMemoryCircuitBreakerRegistryTest.java,
resilience4j,C:\Users\largu\Documents\Vietnam\dataset\projects\resilience4j\resilience4j-circuitbreaker\src\test\java\io\github\resilience4j\circuitbreaker\internal\SchedulerFactoryConcurrencyTest.java,
resilience4j,C:\Users\largu\Documents\Vietnam\dataset\projects\resilience4j\resilience4j-circuitbreaker\src\test\java\io\github\resilience4j\circuitbreaker\internal\SchedulerFactoryTest.java,
resilience4j,C:\Users\largu\Documents\Vietnam\dataset\projects\resilience4j\resilience4j-circuitbreaker\src\test\java\io\github\resilience4j\circuitbreaker\utils\CircuitBreakerUtilIsCallPermittedTest.java,
resilience4j,C:\Users\largu\Documents\Vietnam\dataset\projects\resilience4j\resilience4j-circuitbreaker\src\test\java\io\github\resilience4j\circuitbreaker\utils\CircuitBreakerUtilTest.java,
resilience4j,C:\Users\largu\Documents\Vietnam\dataset\projects\resilience4j\resilience4j-circularbuffer\src\jcstress\java\io\github\resilience4j\circularbuffer\concurrent\ConcurrentEvictingQueueDoubleReadTest.java,
resilience4j,C:\Users\largu\Documents\Vietnam\dataset\projects\resilience4j\resilience4j-circularbuffer\src\jcstress\java\io\github\resilience4j\circularbuffer\concurrent\ConcurrentEvictingQueueDoubleWriteTest.java,
resilience4j,C:\Users\largu\Documents\Vietnam\dataset\projects\resilience4j\resilience4j-circularbuffer\src\jcstress\java\io\github\resilience4j\circularbuffer\concurrent\ConcurrentEvictingQueueReadWriteTest.java,
resilience4j,C:\Users\largu\Documents\Vietnam\dataset\projects\resilience4j\resilience4j-circularbuffer\src\test\java\io\github\resilience4j\circularbuffer\CircularFifoBufferTest.java,
resilience4j,C:\Users\largu\Documents\Vietnam\dataset\projects\resilience4j\resilience4j-circularbuffer\src\test\java\io\github\resilience4j\circularbuffer\ConcurrentEvictingQueueGeneralTest.java,
resilience4j,C:\Users\largu\Documents\Vietnam\dataset\projects\resilience4j\resilience4j-commons-configuration\src\test\java\io\github\resilience4j\commons\configuration\bulkhead\configure\CommonsConfigurationBulkHeadConfigurationTest.java,
resilience4j,C:\Users\largu\Documents\Vietnam\dataset\projects\resilience4j\resilience4j-commons-configuration\src\test\java\io\github\resilience4j\commons\configuration\bulkhead\configure\CommonsConfigurationBulkheadRegistryTest.java,
resilience4j,C:\Users\largu\Documents\Vietnam\dataset\projects\resilience4j\resilience4j-commons-configuration\src\test\java\io\github\resilience4j\commons\configuration\circuitbreaker\configure\CommonsConfigurationCircuitBreakerConfigurationTest.java,
resilience4j,C:\Users\largu\Documents\Vietnam\dataset\projects\resilience4j\resilience4j-commons-configuration\src\test\java\io\github\resilience4j\commons\configuration\circuitbreaker\configure\CommonsConfigurationCircuitBreakerRegistryTest.java,
resilience4j,C:\Users\largu\Documents\Vietnam\dataset\projects\resilience4j\resilience4j-commons-configuration\src\test\java\io\github\resilience4j\commons\configuration\ratelimiter\configure\CommonsConfigurationRateLimiterConfigurationTest.java,
resilience4j,C:\Users\largu\Documents\Vietnam\dataset\projects\resilience4j\resilience4j-commons-configuration\src\test\java\io\github\resilience4j\commons\configuration\ratelimiter\configure\CommonsConfigurationRateLimiterRegistryTest.java,
resilience4j,C:\Users\largu\Documents\Vietnam\dataset\projects\resilience4j\resilience4j-commons-configuration\src\test\java\io\github\resilience4j\commons\configuration\retry\configure\CommonsConfigurationRetryConfigurationTest.java,
resilience4j,C:\Users\largu\Documents\Vietnam\dataset\projects\resilience4j\resilience4j-commons-configuration\src\test\java\io\github\resilience4j\commons\configuration\retry\configure\CommonsConfigurationRetryRegistryTest.java,
resilience4j,C:\Users\largu\Documents\Vietnam\dataset\projects\resilience4j\resilience4j-commons-configuration\src\test\java\io\github\resilience4j\commons\configuration\timelimiter\configure\CommonsConfigurationTimeLimiterConfigurationTest.java,
resilience4j,C:\Users\largu\Documents\Vietnam\dataset\projects\resilience4j\resilience4j-commons-configuration\src\test\java\io\github\resilience4j\commons\configuration\timelimiter\configure\CommonsConfigurationTimeLimiterRegistryTest.java,
resilience4j,C:\Users\largu\Documents\Vietnam\dataset\projects\resilience4j\resilience4j-commons-configuration\src\test\java\io\github\resilience4j\commons\configuration\util\ClassParseUtilTest.java,
resilience4j,C:\Users\largu\Documents\Vietnam\dataset\projects\resilience4j\resilience4j-commons-configuration\src\test\java\io\github\resilience4j\commons\configuration\util\StringParseUtilTest.java,
resilience4j,C:\Users\largu\Documents\Vietnam\dataset\projects\resilience4j\resilience4j-commons-configuration\src\test\java\io\github\resilience4j\commons\configuration\util\TestConstants.java,
resilience4j,C:\Users\largu\Documents\Vietnam\dataset\projects\resilience4j\resilience4j-consumer\src\test\java\io\github\resilience4j\consumer\CircularEventConsumerTest.java,
resilience4j,C:\Users\largu\Documents\Vietnam\dataset\projects\resilience4j\resilience4j-consumer\src\test\java\io\github\resilience4j\consumer\EventConsumerRegistryTest.java,
resilience4j,C:\Users\largu\Documents\Vietnam\dataset\projects\resilience4j\resilience4j-core\src\test\java\io\github\resilience4j\core\CallableUtilsTest.java,
resilience4j,C:\Users\largu\Documents\Vietnam\dataset\projects\resilience4j\resilience4j-core\src\test\java\io\github\resilience4j\core\CASBackoffUtilTest.java,
resilience4j,C:\Users\largu\Documents\Vietnam\dataset\projects\resilience4j\resilience4j-core\src\test\java\io\github\resilience4j\core\CheckedFunctionUtilsTest.java,
resilience4j,C:\Users\largu\Documents\Vietnam\dataset\projects\resilience4j\resilience4j-core\src\test\java\io\github\resilience4j\core\CheckedSupplierUtilsTest.java,
resilience4j,C:\Users\largu\Documents\Vietnam\dataset\projects\resilience4j\resilience4j-core\src\test\java\io\github\resilience4j\core\ClassUtilsTest.java,
resilience4j,C:\Users\largu\Documents\Vietnam\dataset\projects\resilience4j\resilience4j-core\src\test\java\io\github\resilience4j\core\CompletionStageUtilsTest.java,
resilience4j,C:\Users\largu\Documents\Vietnam\dataset\projects\resilience4j\resilience4j-core\src\test\java\io\github\resilience4j\core\ContextAwareScheduledThreadPoolExecutorTest.java,
resilience4j,C:\Users\largu\Documents\Vietnam\dataset\projects\resilience4j\resilience4j-core\src\test\java\io\github\resilience4j\core\ContextPropagatorTest.java,
resilience4j,C:\Users\largu\Documents\Vietnam\dataset\projects\resilience4j\resilience4j-core\src\test\java\io\github\resilience4j\core\EventProcessorConcurrencyTest.java,
resilience4j,C:\Users\largu\Documents\Vietnam\dataset\projects\resilience4j\resilience4j-core\src\test\java\io\github\resilience4j\core\EventProcessorTest.java,
resilience4j,C:\Users\largu\Documents\Vietnam\dataset\projects\resilience4j\resilience4j-core\src\test\java\io\github\resilience4j\core\ExecutorServiceFactoryTest.java,
resilience4j,C:\Users\largu\Documents\Vietnam\dataset\projects\resilience4j\resilience4j-core\src\test\java\io\github\resilience4j\core\functions\OnceConsumerTest.java,
resilience4j,C:\Users\largu\Documents\Vietnam\dataset\projects\resilience4j\resilience4j-core\src\test\java\io\github\resilience4j\core\FunctionUtilsTest.java,
resilience4j,C:\Users\largu\Documents\Vietnam\dataset\projects\resilience4j\resilience4j-core\src\test\java\io\github\resilience4j\core\IntervalFunctionTest.java,
resilience4j,C:\Users\largu\Documents\Vietnam\dataset\projects\resilience4j\resilience4j-core\src\test\java\io\github\resilience4j\core\metrics\FixedSizeSlidingWindowMetricsTest.java,
resilience4j,C:\Users\largu\Documents\Vietnam\dataset\projects\resilience4j\resilience4j-core\src\test\java\io\github\resilience4j\core\metrics\LockFreeMetricsContentionTest.java,
resilience4j,C:\Users\largu\Documents\Vietnam\dataset\projects\resilience4j\resilience4j-core\src\test\java\io\github\resilience4j\core\metrics\SlidingTimeWindowMetricsTest.java,
resilience4j,C:\Users\largu\Documents\Vietnam\dataset\projects\resilience4j\resilience4j-core\src\test\java\io\github\resilience4j\core\predicate\PredicateCreatorTest.java,
resilience4j,C:\Users\largu\Documents\Vietnam\dataset\projects\resilience4j\resilience4j-core\src\test\java\io\github\resilience4j\core\registry\AbstractRegistryTest.java,
resilience4j,C:\Users\largu\Documents\Vietnam\dataset\projects\resilience4j\resilience4j-core\src\test\java\io\github\resilience4j\core\registry\CompositeRegistryEventConsumerTest.java,
resilience4j,C:\Users\largu\Documents\Vietnam\dataset\projects\resilience4j\resilience4j-core\src\test\java\io\github\resilience4j\core\registry\InMemoryRegistryStoreTest.java,
resilience4j,C:\Users\largu\Documents\Vietnam\dataset\projects\resilience4j\resilience4j-core\src\test\java\io\github\resilience4j\core\StopWatchTest.java,
resilience4j,C:\Users\largu\Documents\Vietnam\dataset\projects\resilience4j\resilience4j-core\src\test\java\io\github\resilience4j\core\StringUtilsTest.java,
resilience4j,C:\Users\largu\Documents\Vietnam\dataset\projects\resilience4j\resilience4j-core\src\test\java\io\github\resilience4j\core\SupplierUtilsTest.java,
resilience4j,C:\Users\largu\Documents\Vietnam\dataset\projects\resilience4j\resilience4j-core\src\test\java\io\github\resilience4j\core\TestContextPropagators.java,
resilience4j,C:\Users\largu\Documents\Vietnam\dataset\projects\resilience4j\resilience4j-core\src\test\java\io\github\resilience4j\core\ThreadModeExtensionTest.java,
resilience4j,C:\Users\largu\Documents\Vietnam\dataset\projects\resilience4j\resilience4j-core\src\test\java\io\github\resilience4j\core\ThreadTypeTest.java,
resilience4j,C:\Users\largu\Documents\Vietnam\dataset\projects\resilience4j\resilience4j-core\src\test\java\io\github\resilience4j\core\VirtualThreadConfigurationTest.java,
resilience4j,C:\Users\largu\Documents\Vietnam\dataset\projects\resilience4j\resilience4j-feign\src\test\java\io\github\resilience4j\feign\DecoratorInvocationHandlerTest.java,
resilience4j,C:\Users\largu\Documents\Vietnam\dataset\projects\resilience4j\resilience4j-feign\src\test\java\io\github\resilience4j\feign\FeignDecoratorsTest.java,
resilience4j,C:\Users\largu\Documents\Vietnam\dataset\projects\resilience4j\resilience4j-feign\src\test\java\io\github\resilience4j\feign\Resilience4jFeignBuilderBackwardsComplianceTest.java,
resilience4j,C:\Users\largu\Documents\Vietnam\dataset\projects\resilience4j\resilience4j-feign\src\test\java\io\github\resilience4j\feign\Resilience4jFeignBulkheadTest.java,
resilience4j,C:\Users\largu\Documents\Vietnam\dataset\projects\resilience4j\resilience4j-feign\src\test\java\io\github\resilience4j\feign\Resilience4jFeignCircuitBreakerTest.java,
resilience4j,C:\Users\largu\Documents\Vietnam\dataset\projects\resilience4j\resilience4j-feign\src\test\java\io\github\resilience4j\feign\Resilience4jFeignFallbackFactoryLambdaTest.java,
resilience4j,C:\Users\largu\Documents\Vietnam\dataset\projects\resilience4j\resilience4j-feign\src\test\java\io\github\resilience4j\feign\Resilience4jFeignFallbackFactoryTest.java,
resilience4j,C:\Users\largu\Documents\Vietnam\dataset\projects\resilience4j\resilience4j-feign\src\test\java\io\github\resilience4j\feign\Resilience4jFeignFallbackLambdaTest.java,
resilience4j,C:\Users\largu\Documents\Vietnam\dataset\projects\resilience4j\resilience4j-feign\src\test\java\io\github\resilience4j\feign\Resilience4jFeignFallbackTest.java,
resilience4j,C:\Users\largu\Documents\Vietnam\dataset\projects\resilience4j\resilience4j-feign\src\test\java\io\github\resilience4j\feign\Resilience4jFeignRateLimiterTest.java,
resilience4j,C:\Users\largu\Documents\Vietnam\dataset\projects\resilience4j\resilience4j-feign\src\test\java\io\github\resilience4j\feign\Resilience4jFeignRetryTest.java,
resilience4j,C:\Users\largu\Documents\Vietnam\dataset\projects\resilience4j\resilience4j-feign\src\test\java\io\github\resilience4j\feign\test\TestFeignDecorator.java,
resilience4j,C:\Users\largu\Documents\Vietnam\dataset\projects\resilience4j\resilience4j-feign\src\test\java\io\github\resilience4j\feign\test\TestService.java,
resilience4j,C:\Users\largu\Documents\Vietnam\dataset\projects\resilience4j\resilience4j-feign\src\test\java\io\github\resilience4j\feign\test\TestServiceFallbackThrowingException.java,
resilience4j,C:\Users\largu\Documents\Vietnam\dataset\projects\resilience4j\resilience4j-feign\src\test\java\io\github\resilience4j\feign\test\TestServiceFallbackWithException.java,
resilience4j,C:\Users\largu\Documents\Vietnam\dataset\projects\resilience4j\resilience4j-feign\src\test\java\io\github\resilience4j\feign\test\TestServiceImpl.java,
resilience4j,C:\Users\largu\Documents\Vietnam\dataset\projects\resilience4j\resilience4j-framework-common\src\test\java\io\github\resilience4j\bulkhead\monitoring\endpoint\BulkheadEventDTOFactoryTest.java,
resilience4j,C:\Users\largu\Documents\Vietnam\dataset\projects\resilience4j\resilience4j-framework-common\src\test\java\io\github\resilience4j\circuitbreaker\monitoring\endpoint\CircuitBreakerEventDTOFactoryTest.java,
resilience4j,C:\Users\largu\Documents\Vietnam\dataset\projects\resilience4j\resilience4j-framework-common\src\test\java\io\github\resilience4j\common\bulkhead\configuration\BulkheadConfigurationPropertiesTest.java,
resilience4j,C:\Users\largu\Documents\Vietnam\dataset\projects\resilience4j\resilience4j-framework-common\src\test\java\io\github\resilience4j\common\bulkhead\configuration\ThreadPoolBulkheadConfigurationPropertiesTest.java,
resilience4j,C:\Users\largu\Documents\Vietnam\dataset\projects\resilience4j\resilience4j-framework-common\src\test\java\io\github\resilience4j\common\circuitbreaker\configuration\CircuitBreakerConfigurationPropertiesTest.java,
resilience4j,C:\Users\largu\Documents\Vietnam\dataset\projects\resilience4j\resilience4j-framework-common\src\test\java\io\github\resilience4j\common\circuitbreaker\configuration\CommonCircuitBreakerConfigurationPropertiesTest.java,
resilience4j,C:\Users\largu\Documents\Vietnam\dataset\projects\resilience4j\resilience4j-framework-common\src\test\java\io\github\resilience4j\common\circuitbreaker\monitoring\endpoint\CircuitBreakerUpdateStateResponseTest.java,
resilience4j,C:\Users\largu\Documents\Vietnam\dataset\projects\resilience4j\resilience4j-framework-common\src\test\java\io\github\resilience4j\common\ratelimiter\configuration\RateLimiterConfigurationPropertiesTest.java,
resilience4j,C:\Users\largu\Documents\Vietnam\dataset\projects\resilience4j\resilience4j-framework-common\src\test\java\io\github\resilience4j\common\retry\configuration\CommonRetryConfigurationPropertiesTest.java,
resilience4j,C:\Users\largu\Documents\Vietnam\dataset\projects\resilience4j\resilience4j-framework-common\src\test\java\io\github\resilience4j\common\retry\configuration\RetryConfigurationPropertiesTest.java,
resilience4j,C:\Users\largu\Documents\Vietnam\dataset\projects\resilience4j\resilience4j-framework-common\src\test\java\io\github\resilience4j\common\scheduled\threadpool\configuration\ContextAwareScheduledThreadPoolConfigurationPropertiesTest.java,
resilience4j,C:\Users\largu\Documents\Vietnam\dataset\projects\resilience4j\resilience4j-framework-common\src\test\java\io\github\resilience4j\common\TestIntervalBiFunction.java,
resilience4j,C:\Users\largu\Documents\Vietnam\dataset\projects\resilience4j\resilience4j-framework-common\src\test\java\io\github\resilience4j\common\timelimiter\configuration\TimeLimiterConfigurationPropertiesTest.java,
resilience4j,C:\Users\largu\Documents\Vietnam\dataset\projects\resilience4j\resilience4j-framework-common\src\test\java\io\github\resilience4j\common\utils\SpringConfigUtilsTest.java,
resilience4j,C:\Users\largu\Documents\Vietnam\dataset\projects\resilience4j\resilience4j-framework-common\src\test\java\io\github\resilience4j\ratelimiter\monitoring\endpoint\RateLimiterEventDTOTest.java,
resilience4j,C:\Users\largu\Documents\Vietnam\dataset\projects\resilience4j\resilience4j-framework-common\src\test\java\io\github\resilience4j\retry\monitoring\endpoint\RetryEventDTOFactoryTest.java,
resilience4j,C:\Users\largu\Documents\Vietnam\dataset\projects\resilience4j\resilience4j-framework-common\src\test\java\io\github\resilience4j\timelimiter\monitoring\endpoint\TimeLimiterEventDTOTest.java,
resilience4j,C:\Users\largu\Documents\Vietnam\dataset\projects\resilience4j\resilience4j-hedge\src\test\java\io\github\resilience4j\hedge\event\HedgeEventTest.java,
resilience4j,C:\Users\largu\Documents\Vietnam\dataset\projects\resilience4j\resilience4j-hedge\src\test\java\io\github\resilience4j\hedge\HedgeConcurrencyTest.java,
resilience4j,C:\Users\largu\Documents\Vietnam\dataset\projects\resilience4j\resilience4j-hedge\src\test\java\io\github\resilience4j\hedge\HedgeConfigTest.java,
resilience4j,C:\Users\largu\Documents\Vietnam\dataset\projects\resilience4j\resilience4j-hedge\src\test\java\io\github\resilience4j\hedge\HedgeRegistryTest.java,
resilience4j,C:\Users\largu\Documents\Vietnam\dataset\projects\resilience4j\resilience4j-hedge\src\test\java\io\github\resilience4j\hedge\HedgeTest.java,
resilience4j,C:\Users\largu\Documents\Vietnam\dataset\projects\resilience4j\resilience4j-hedge\src\test\java\io\github\resilience4j\hedge\internal\AveragePlusResponseTimeCutoffTest.java,
resilience4j,C:\Users\largu\Documents\Vietnam\dataset\projects\resilience4j\resilience4j-hedge\src\test\java\io\github\resilience4j\hedge\internal\HedgeImplCompletionStageBehaviorsTest.java,
resilience4j,C:\Users\largu\Documents\Vietnam\dataset\projects\resilience4j\resilience4j-hedge\src\test\java\io\github\resilience4j\hedge\internal\HedgeImplFutureBehaviorsTest.java,
resilience4j,C:\Users\largu\Documents\Vietnam\dataset\projects\resilience4j\resilience4j-hedge\src\test\java\io\github\resilience4j\hedge\internal\HedgeImplTest.java,
resilience4j,C:\Users\largu\Documents\Vietnam\dataset\projects\resilience4j\resilience4j-hedge\src\test\java\io\github\resilience4j\hedge\internal\InMemoryHedgeRegistryTest.java,
resilience4j,C:\Users\largu\Documents\Vietnam\dataset\projects\resilience4j\resilience4j-metrics\src\test\java\io\github\resilience4j\metrics\AbstractBulkheadMetricsTest.java,
resilience4j,C:\Users\largu\Documents\Vietnam\dataset\projects\resilience4j\resilience4j-metrics\src\test\java\io\github\resilience4j\metrics\AbstractCircuitBreakerMetricsTest.java,
resilience4j,C:\Users\largu\Documents\Vietnam\dataset\projects\resilience4j\resilience4j-metrics\src\test\java\io\github\resilience4j\metrics\AbstractRateLimiterMetricsTest.java,
resilience4j,C:\Users\largu\Documents\Vietnam\dataset\projects\resilience4j\resilience4j-metrics\src\test\java\io\github\resilience4j\metrics\AbstractRetryMetricsTest.java,
resilience4j,C:\Users\largu\Documents\Vietnam\dataset\projects\resilience4j\resilience4j-metrics\src\test\java\io\github\resilience4j\metrics\AbstractTimeLimiterMetricsTest.java,
resilience4j,C:\Users\largu\Documents\Vietnam\dataset\projects\resilience4j\resilience4j-metrics\src\test\java\io\github\resilience4j\metrics\BulkheadMetricsTest.java,
resilience4j,C:\Users\largu\Documents\Vietnam\dataset\projects\resilience4j\resilience4j-metrics\src\test\java\io\github\resilience4j\metrics\CircuitBreakerMetricsTest.java,
resilience4j,C:\Users\largu\Documents\Vietnam\dataset\projects\resilience4j\resilience4j-metrics\src\test\java\io\github\resilience4j\metrics\publisher\BulkheadMetricsPublisherTest.java,
resilience4j,C:\Users\largu\Documents\Vietnam\dataset\projects\resilience4j\resilience4j-metrics\src\test\java\io\github\resilience4j\metrics\publisher\CircuitBreakerMetricsPublisherTest.java,
resilience4j,C:\Users\largu\Documents\Vietnam\dataset\projects\resilience4j\resilience4j-metrics\src\test\java\io\github\resilience4j\metrics\publisher\RateLimiterMetricsPublisherTest.java,
resilience4j,C:\Users\largu\Documents\Vietnam\dataset\projects\resilience4j\resilience4j-metrics\src\test\java\io\github\resilience4j\metrics\publisher\RetryMetricsPublisherTest.java,
resilience4j,C:\Users\largu\Documents\Vietnam\dataset\projects\resilience4j\resilience4j-metrics\src\test\java\io\github\resilience4j\metrics\publisher\TimeLimiterMetricsPublisherTest.java,
resilience4j,C:\Users\largu\Documents\Vietnam\dataset\projects\resilience4j\resilience4j-metrics\src\test\java\io\github\resilience4j\metrics\RateLimiterMetricsTest.java,
resilience4j,C:\Users\largu\Documents\Vietnam\dataset\projects\resilience4j\resilience4j-metrics\src\test\java\io\github\resilience4j\metrics\RetryMetricsTest.java,
resilience4j,C:\Users\largu\Documents\Vietnam\dataset\projects\resilience4j\resilience4j-metrics\src\test\java\io\github\resilience4j\metrics\StateTransitionMetricsTest.java,
resilience4j,C:\Users\largu\Documents\Vietnam\dataset\projects\resilience4j\resilience4j-metrics\src\test\java\io\github\resilience4j\metrics\TimeLimiterMetricsTest.java,
resilience4j,C:\Users\largu\Documents\Vietnam\dataset\projects\resilience4j\resilience4j-metrics\src\test\java\io\github\resilience4j\metrics\TimerTest.java,
resilience4j,C:\Users\largu\Documents\Vietnam\dataset\projects\resilience4j\resilience4j-micrometer\src\test\java\io\github\resilience4j\micrometer\ObservationsTest.java,
resilience4j,C:\Users\largu\Documents\Vietnam\dataset\projects\resilience4j\resilience4j-micrometer\src\test\java\io\github\resilience4j\micrometer\tagged\TaggedBulkheadMetricsPublisherTest.java,
resilience4j,C:\Users\largu\Documents\Vietnam\dataset\projects\resilience4j\resilience4j-micrometer\src\test\java\io\github\resilience4j\micrometer\tagged\TaggedBulkheadMetricsTest.java,
resilience4j,C:\Users\largu\Documents\Vietnam\dataset\projects\resilience4j\resilience4j-micrometer\src\test\java\io\github\resilience4j\micrometer\tagged\TaggedCircuitBreakerMetricsPublisherTest.java,
resilience4j,C:\Users\largu\Documents\Vietnam\dataset\projects\resilience4j\resilience4j-micrometer\src\test\java\io\github\resilience4j\micrometer\tagged\TaggedCircuitBreakerMetricsTest.java,
resilience4j,C:\Users\largu\Documents\Vietnam\dataset\projects\resilience4j\resilience4j-micrometer\src\test\java\io\github\resilience4j\micrometer\tagged\TaggedRateLimiterMetricsPublisherTest.java,
resilience4j,C:\Users\largu\Documents\Vietnam\dataset\projects\resilience4j\resilience4j-micrometer\src\test\java\io\github\resilience4j\micrometer\tagged\TaggedRateLimiterMetricsTest.java,
resilience4j,C:\Users\largu\Documents\Vietnam\dataset\projects\resilience4j\resilience4j-micrometer\src\test\java\io\github\resilience4j\micrometer\tagged\TaggedRetryMetricsPublisherTest.java,
resilience4j,C:\Users\largu\Documents\Vietnam\dataset\projects\resilience4j\resilience4j-micrometer\src\test\java\io\github\resilience4j\micrometer\tagged\TaggedRetryMetricsTest.java,
resilience4j,C:\Users\largu\Documents\Vietnam\dataset\projects\resilience4j\resilience4j-micrometer\src\test\java\io\github\resilience4j\micrometer\tagged\TaggedThreadPoolBulkheadMetricsPublisherTest.java,
resilience4j,C:\Users\largu\Documents\Vietnam\dataset\projects\resilience4j\resilience4j-micrometer\src\test\java\io\github\resilience4j\micrometer\tagged\TaggedThreadPoolBulkheadMetricsTest.java,
resilience4j,C:\Users\largu\Documents\Vietnam\dataset\projects\resilience4j\resilience4j-micrometer\src\test\java\io\github\resilience4j\micrometer\tagged\TaggedTimeLimiterMetricsPublisherTest.java,
resilience4j,C:\Users\largu\Documents\Vietnam\dataset\projects\resilience4j\resilience4j-micrometer\src\test\java\io\github\resilience4j\micrometer\tagged\TaggedTimeLimiterMetricsTest.java,
resilience4j,C:\Users\largu\Documents\Vietnam\dataset\projects\resilience4j\resilience4j-micrometer\src\test\java\io\github\resilience4j\micrometer\tagged\ThreadMetricsTest.java,
resilience4j,C:\Users\largu\Documents\Vietnam\dataset\projects\resilience4j\resilience4j-micrometer\src\test\java\io\github\resilience4j\micrometer\TimerConfigTest.java,
resilience4j,C:\Users\largu\Documents\Vietnam\dataset\projects\resilience4j\resilience4j-micrometer\src\test\java\io\github\resilience4j\micrometer\TimerEventPublisherTest.java,
resilience4j,C:\Users\largu\Documents\Vietnam\dataset\projects\resilience4j\resilience4j-micrometer\src\test\java\io\github\resilience4j\micrometer\TimerRegistryTest.java,
resilience4j,C:\Users\largu\Documents\Vietnam\dataset\projects\resilience4j\resilience4j-micrometer\src\test\java\io\github\resilience4j\micrometer\TimerTest.java,
resilience4j,C:\Users\largu\Documents\Vietnam\dataset\projects\resilience4j\resilience4j-ratelimiter\src\test\java\io\github\resilience4j\ratelimiter\internal\AtomicRateLimiterTest.java,
resilience4j,C:\Users\largu\Documents\Vietnam\dataset\projects\resilience4j\resilience4j-ratelimiter\src\test\java\io\github\resilience4j\ratelimiter\internal\InMemoryRateLimiterRegistryTest.java,
resilience4j,C:\Users\largu\Documents\Vietnam\dataset\projects\resilience4j\resilience4j-ratelimiter\src\test\java\io\github\resilience4j\ratelimiter\internal\RateLimitersImplementationTest.java,
resilience4j,C:\Users\largu\Documents\Vietnam\dataset\projects\resilience4j\resilience4j-ratelimiter\src\test\java\io\github\resilience4j\ratelimiter\internal\SemaphoreBasedRateLimiterImplTest.java,
resilience4j,C:\Users\largu\Documents\Vietnam\dataset\projects\resilience4j\resilience4j-ratelimiter\src\test\java\io\github\resilience4j\ratelimiter\internal\SemaphoreBasedRateLimiterParameterizedTest.java,
resilience4j,C:\Users\largu\Documents\Vietnam\dataset\projects\resilience4j\resilience4j-ratelimiter\src\test\java\io\github\resilience4j\ratelimiter\RateLimiterConfigTest.java,
resilience4j,C:\Users\largu\Documents\Vietnam\dataset\projects\resilience4j\resilience4j-ratelimiter\src\test\java\io\github\resilience4j\ratelimiter\RateLimiterEventPublisherTest.java,
resilience4j,C:\Users\largu\Documents\Vietnam\dataset\projects\resilience4j\resilience4j-ratelimiter\src\test\java\io\github\resilience4j\ratelimiter\RateLimiterRegistryTest.java,
resilience4j,C:\Users\largu\Documents\Vietnam\dataset\projects\resilience4j\resilience4j-ratelimiter\src\test\java\io\github\resilience4j\ratelimiter\RateLimiterTest.java,
resilience4j,C:\Users\largu\Documents\Vietnam\dataset\projects\resilience4j\resilience4j-ratelimiter\src\test\java\io\github\resilience4j\ratelimiter\RateLimiterWithConditionalDrainIntegrationTest.java,
resilience4j,C:\Users\largu\Documents\Vietnam\dataset\projects\resilience4j\resilience4j-ratelimiter\src\test\java\io\github\resilience4j\ratelimiter\RateLimiterWithConditionalDrainTest.java,
resilience4j,C:\Users\largu\Documents\Vietnam\dataset\projects\resilience4j\resilience4j-ratelimiter\src\test\java\io\github\resilience4j\ratelimiter\RequestNotPermittedExceptionTest.java,
resilience4j,C:\Users\largu\Documents\Vietnam\dataset\projects\resilience4j\resilience4j-reactor\src\test\java\io\github\resilience4j\reactor\bulkhead\operator\FluxBulkheadTest.java,
resilience4j,C:\Users\largu\Documents\Vietnam\dataset\projects\resilience4j\resilience4j-reactor\src\test\java\io\github\resilience4j\reactor\bulkhead\operator\MonoBulkheadTest.java,
resilience4j,C:\Users\largu\Documents\Vietnam\dataset\projects\resilience4j\resilience4j-reactor\src\test\java\io\github\resilience4j\reactor\circuitbreaker\operator\FluxCircuitBreakerTest.java,
resilience4j,C:\Users\largu\Documents\Vietnam\dataset\projects\resilience4j\resilience4j-reactor\src\test\java\io\github\resilience4j\reactor\circuitbreaker\operator\MonoCircuitBreakerTest.java,
resilience4j,C:\Users\largu\Documents\Vietnam\dataset\projects\resilience4j\resilience4j-reactor\src\test\java\io\github\resilience4j\reactor\CombinedOperatorsTest.java,
resilience4j,C:\Users\largu\Documents\Vietnam\dataset\projects\resilience4j\resilience4j-reactor\src\test\java\io\github\resilience4j\reactor\micrometer\operator\FluxTimerTest.java,
resilience4j,C:\Users\largu\Documents\Vietnam\dataset\projects\resilience4j\resilience4j-reactor\src\test\java\io\github\resilience4j\reactor\micrometer\operator\MonoTimerTest.java,
resilience4j,C:\Users\largu\Documents\Vietnam\dataset\projects\resilience4j\resilience4j-reactor\src\test\java\io\github\resilience4j\reactor\ratelimiter\operator\FluxRateLimiterTest.java,
resilience4j,C:\Users\largu\Documents\Vietnam\dataset\projects\resilience4j\resilience4j-reactor\src\test\java\io\github\resilience4j\reactor\ratelimiter\operator\MonoRateLimiterTest.java,
resilience4j,C:\Users\largu\Documents\Vietnam\dataset\projects\resilience4j\resilience4j-reactor\src\test\java\io\github\resilience4j\reactor\ReactorOperatorFallbackDecoratorTest.java,
resilience4j,C:\Users\largu\Documents\Vietnam\dataset\projects\resilience4j\resilience4j-reactor\src\test\java\io\github\resilience4j\reactor\retry\RetryOperatorTest.java,
resilience4j,C:\Users\largu\Documents\Vietnam\dataset\projects\resilience4j\resilience4j-reactor\src\test\java\io\github\resilience4j\reactor\timelimiter\TimeLimiterOperatorTest.java,
resilience4j,C:\Users\largu\Documents\Vietnam\dataset\projects\resilience4j\resilience4j-retry\src\test\java\io\github\resilience4j\retry\event\RetryEventTest.java,
resilience4j,C:\Users\largu\Documents\Vietnam\dataset\projects\resilience4j\resilience4j-retry\src\test\java\io\github\resilience4j\retry\internal\CallableTest.java,
resilience4j,C:\Users\largu\Documents\Vietnam\dataset\projects\resilience4j\resilience4j-retry\src\test\java\io\github\resilience4j\retry\internal\CompletionStageRetryTest.java,
resilience4j,C:\Users\largu\Documents\Vietnam\dataset\projects\resilience4j\resilience4j-retry\src\test\java\io\github\resilience4j\retry\internal\ConsumerRetryTest.java,
resilience4j,C:\Users\largu\Documents\Vietnam\dataset\projects\resilience4j\resilience4j-retry\src\test\java\io\github\resilience4j\retry\internal\EventPublisherTest.java,
resilience4j,C:\Users\largu\Documents\Vietnam\dataset\projects\resilience4j\resilience4j-retry\src\test\java\io\github\resilience4j\retry\internal\InMemoryRetryRegistryTest.java,
resilience4j,C:\Users\largu\Documents\Vietnam\dataset\projects\resilience4j\resilience4j-retry\src\test\java\io\github\resilience4j\retry\internal\RetryThreadModeTest.java,
resilience4j,C:\Users\largu\Documents\Vietnam\dataset\projects\resilience4j\resilience4j-retry\src\test\java\io\github\resilience4j\retry\internal\RunnableRetryTest.java,
resilience4j,C:\Users\largu\Documents\Vietnam\dataset\projects\resilience4j\resilience4j-retry\src\test\java\io\github\resilience4j\retry\internal\SupplierRetryTest.java,
resilience4j,C:\Users\largu\Documents\Vietnam\dataset\projects\resilience4j\resilience4j-retry\src\test\java\io\github\resilience4j\retry\MaxRetriesExceededTest.java,
resilience4j,C:\Users\largu\Documents\Vietnam\dataset\projects\resilience4j\resilience4j-retry\src\test\java\io\github\resilience4j\retry\RetryConfigBuilderTest.java,
resilience4j,C:\Users\largu\Documents\Vietnam\dataset\projects\resilience4j\resilience4j-retry\src\test\java\io\github\resilience4j\retry\RetryEventPublisherTest.java,
resilience4j,C:\Users\largu\Documents\Vietnam\dataset\projects\resilience4j\resilience4j-retry\src\test\java\io\github\resilience4j\retry\RetryRegistryTest.java,
resilience4j,C:\Users\largu\Documents\Vietnam\dataset\projects\resilience4j\resilience4j-rxjava2\src\test\java\io\github\resilience4j\bulkhead\operator\CompletableBulkheadTest.java,
resilience4j,C:\Users\largu\Documents\Vietnam\dataset\projects\resilience4j\resilience4j-rxjava2\src\test\java\io\github\resilience4j\bulkhead\operator\FlowableBulkheadTest.java,
resilience4j,C:\Users\largu\Documents\Vietnam\dataset\projects\resilience4j\resilience4j-rxjava2\src\test\java\io\github\resilience4j\bulkhead\operator\MaybeBulkheadTest.java,
resilience4j,C:\Users\largu\Documents\Vietnam\dataset\projects\resilience4j\resilience4j-rxjava2\src\test\java\io\github\resilience4j\bulkhead\operator\ObserverBulkheadTest.java,
resilience4j,C:\Users\largu\Documents\Vietnam\dataset\projects\resilience4j\resilience4j-rxjava2\src\test\java\io\github\resilience4j\bulkhead\operator\SingleBulkheadTest.java,
resilience4j,C:\Users\largu\Documents\Vietnam\dataset\projects\resilience4j\resilience4j-rxjava2\src\test\java\io\github\resilience4j\circuitbreaker\operator\CompletableCircuitBreakerTest.java,
resilience4j,C:\Users\largu\Documents\Vietnam\dataset\projects\resilience4j\resilience4j-rxjava2\src\test\java\io\github\resilience4j\circuitbreaker\operator\FlowableCircuitBreakerTest.java,
resilience4j,C:\Users\largu\Documents\Vietnam\dataset\projects\resilience4j\resilience4j-rxjava2\src\test\java\io\github\resilience4j\circuitbreaker\operator\MaybeCircuitBreakerTest.java,
resilience4j,C:\Users\largu\Documents\Vietnam\dataset\projects\resilience4j\resilience4j-rxjava2\src\test\java\io\github\resilience4j\circuitbreaker\operator\ObserverCircuitBreakerTest.java,
resilience4j,C:\Users\largu\Documents\Vietnam\dataset\projects\resilience4j\resilience4j-rxjava2\src\test\java\io\github\resilience4j\circuitbreaker\operator\SingleCircuitBreakerTest.java,
resilience4j,C:\Users\largu\Documents\Vietnam\dataset\projects\resilience4j\resilience4j-rxjava2\src\test\java\io\github\resilience4j\micrometer\transformer\CompletableTimerTest.java,
resilience4j,C:\Users\largu\Documents\Vietnam\dataset\projects\resilience4j\resilience4j-rxjava2\src\test\java\io\github\resilience4j\micrometer\transformer\FlowableTimerTest.java,
resilience4j,C:\Users\largu\Documents\Vietnam\dataset\projects\resilience4j\resilience4j-rxjava2\src\test\java\io\github\resilience4j\micrometer\transformer\MaybeTimerTest.java,
resilience4j,C:\Users\largu\Documents\Vietnam\dataset\projects\resilience4j\resilience4j-rxjava2\src\test\java\io\github\resilience4j\micrometer\transformer\ObservableTimerTest.java,
resilience4j,C:\Users\largu\Documents\Vietnam\dataset\projects\resilience4j\resilience4j-rxjava2\src\test\java\io\github\resilience4j\micrometer\transformer\SingleTimerTest.java,
resilience4j,C:\Users\largu\Documents\Vietnam\dataset\projects\resilience4j\resilience4j-rxjava2\src\test\java\io\github\resilience4j\ratelimiter\operator\CompletableRateLimiterTest.java,
resilience4j,C:\Users\largu\Documents\Vietnam\dataset\projects\resilience4j\resilience4j-rxjava2\src\test\java\io\github\resilience4j\ratelimiter\operator\FlowableRateLimiterTest.java,
resilience4j,C:\Users\largu\Documents\Vietnam\dataset\projects\resilience4j\resilience4j-rxjava2\src\test\java\io\github\resilience4j\ratelimiter\operator\MaybeRateLimiterTest.java,
resilience4j,C:\Users\largu\Documents\Vietnam\dataset\projects\resilience4j\resilience4j-rxjava2\src\test\java\io\github\resilience4j\ratelimiter\operator\ObserverRateLimiterTest.java,
resilience4j,C:\Users\largu\Documents\Vietnam\dataset\projects\resilience4j\resilience4j-rxjava2\src\test\java\io\github\resilience4j\ratelimiter\operator\SingleRateLimiterTest.java,
resilience4j,C:\Users\largu\Documents\Vietnam\dataset\projects\resilience4j\resilience4j-rxjava2\src\test\java\io\github\resilience4j\retry\transformer\RetryTransformerTest.java,
resilience4j,C:\Users\largu\Documents\Vietnam\dataset\projects\resilience4j\resilience4j-rxjava2\src\test\java\io\github\resilience4j\TestSchedulerExtension.java,
resilience4j,C:\Users\largu\Documents\Vietnam\dataset\projects\resilience4j\resilience4j-rxjava2\src\test\java\io\github\resilience4j\timelimiter\transformer\TimeLimiterTransformerCompletableTest.java,
resilience4j,C:\Users\largu\Documents\Vietnam\dataset\projects\resilience4j\resilience4j-rxjava2\src\test\java\io\github\resilience4j\timelimiter\transformer\TimeLimiterTransformerMaybeTest.java,
resilience4j,C:\Users\largu\Documents\Vietnam\dataset\projects\resilience4j\resilience4j-rxjava2\src\test\java\io\github\resilience4j\timelimiter\transformer\TimeLimiterTransformerObservableTest.java,
resilience4j,C:\Users\largu\Documents\Vietnam\dataset\projects\resilience4j\resilience4j-rxjava2\src\test\java\io\github\resilience4j\timelimiter\transformer\TimeLimiterTransformerPublisherTest.java,
resilience4j,C:\Users\largu\Documents\Vietnam\dataset\projects\resilience4j\resilience4j-rxjava2\src\test\java\io\github\resilience4j\timelimiter\transformer\TimeLimiterTransformerSingleTest.java,
resilience4j,C:\Users\largu\Documents\Vietnam\dataset\projects\resilience4j\resilience4j-rxjava3\src\test\java\io\github\resilience4j\rxjava3\bulkhead\operator\CompletableBulkheadTest.java,
resilience4j,C:\Users\largu\Documents\Vietnam\dataset\projects\resilience4j\resilience4j-rxjava3\src\test\java\io\github\resilience4j\rxjava3\bulkhead\operator\FlowableBulkheadTest.java,
resilience4j,C:\Users\largu\Documents\Vietnam\dataset\projects\resilience4j\resilience4j-rxjava3\src\test\java\io\github\resilience4j\rxjava3\bulkhead\operator\MaybeBulkheadTest.java,
resilience4j,C:\Users\largu\Documents\Vietnam\dataset\projects\resilience4j\resilience4j-rxjava3\src\test\java\io\github\resilience4j\rxjava3\bulkhead\operator\ObserverBulkheadTest.java,
resilience4j,C:\Users\largu\Documents\Vietnam\dataset\projects\resilience4j\resilience4j-rxjava3\src\test\java\io\github\resilience4j\rxjava3\bulkhead\operator\SingleBulkheadTest.java,
resilience4j,C:\Users\largu\Documents\Vietnam\dataset\projects\resilience4j\resilience4j-rxjava3\src\test\java\io\github\resilience4j\rxjava3\circuitbreaker\operator\CompletableCircuitBreakerTest.java,
resilience4j,C:\Users\largu\Documents\Vietnam\dataset\projects\resilience4j\resilience4j-rxjava3\src\test\java\io\github\resilience4j\rxjava3\circuitbreaker\operator\FlowableCircuitBreakerTest.java,
resilience4j,C:\Users\largu\Documents\Vietnam\dataset\projects\resilience4j\resilience4j-rxjava3\src\test\java\io\github\resilience4j\rxjava3\circuitbreaker\operator\MaybeCircuitBreakerTest.java,
resilience4j,C:\Users\largu\Documents\Vietnam\dataset\projects\resilience4j\resilience4j-rxjava3\src\test\java\io\github\resilience4j\rxjava3\circuitbreaker\operator\ObserverCircuitBreakerTest.java,
resilience4j,C:\Users\largu\Documents\Vietnam\dataset\projects\resilience4j\resilience4j-rxjava3\src\test\java\io\github\resilience4j\rxjava3\circuitbreaker\operator\SingleCircuitBreakerTest.java,
resilience4j,C:\Users\largu\Documents\Vietnam\dataset\projects\resilience4j\resilience4j-rxjava3\src\test\java\io\github\resilience4j\rxjava3\micrometer\transformer\CompletableTimerTest.java,
resilience4j,C:\Users\largu\Documents\Vietnam\dataset\projects\resilience4j\resilience4j-rxjava3\src\test\java\io\github\resilience4j\rxjava3\micrometer\transformer\FlowableTimerTest.java,
resilience4j,C:\Users\largu\Documents\Vietnam\dataset\projects\resilience4j\resilience4j-rxjava3\src\test\java\io\github\resilience4j\rxjava3\micrometer\transformer\MaybeTimerTest.java,
resilience4j,C:\Users\largu\Documents\Vietnam\dataset\projects\resilience4j\resilience4j-rxjava3\src\test\java\io\github\resilience4j\rxjava3\micrometer\transformer\ObservableTimerTest.java,
resilience4j,C:\Users\largu\Documents\Vietnam\dataset\projects\resilience4j\resilience4j-rxjava3\src\test\java\io\github\resilience4j\rxjava3\micrometer\transformer\SingleTimerTest.java,
resilience4j,C:\Users\largu\Documents\Vietnam\dataset\projects\resilience4j\resilience4j-rxjava3\src\test\java\io\github\resilience4j\rxjava3\ratelimiter\operator\CompletableRateLimiterTest.java,
resilience4j,C:\Users\largu\Documents\Vietnam\dataset\projects\resilience4j\resilience4j-rxjava3\src\test\java\io\github\resilience4j\rxjava3\ratelimiter\operator\FlowableRateLimiterTest.java,
resilience4j,C:\Users\largu\Documents\Vietnam\dataset\projects\resilience4j\resilience4j-rxjava3\src\test\java\io\github\resilience4j\rxjava3\ratelimiter\operator\MaybeRateLimiterTest.java,
resilience4j,C:\Users\largu\Documents\Vietnam\dataset\projects\resilience4j\resilience4j-rxjava3\src\test\java\io\github\resilience4j\rxjava3\ratelimiter\operator\ObserverRateLimiterTest.java,
resilience4j,C:\Users\largu\Documents\Vietnam\dataset\projects\resilience4j\resilience4j-rxjava3\src\test\java\io\github\resilience4j\rxjava3\ratelimiter\operator\SingleRateLimiterTest.java,
resilience4j,C:\Users\largu\Documents\Vietnam\dataset\projects\resilience4j\resilience4j-rxjava3\src\test\java\io\github\resilience4j\rxjava3\retry\transformer\RetryTransformerTest.java,
resilience4j,C:\Users\largu\Documents\Vietnam\dataset\projects\resilience4j\resilience4j-rxjava3\src\test\java\io\github\resilience4j\rxjava3\timelimiter\transformer\TimeLimiterTransformerCompletableTest.java,
resilience4j,C:\Users\largu\Documents\Vietnam\dataset\projects\resilience4j\resilience4j-rxjava3\src\test\java\io\github\resilience4j\rxjava3\timelimiter\transformer\TimeLimiterTransformerMaybeTest.java,
resilience4j,C:\Users\largu\Documents\Vietnam\dataset\projects\resilience4j\resilience4j-rxjava3\src\test\java\io\github\resilience4j\rxjava3\timelimiter\transformer\TimeLimiterTransformerObservableTest.java,
resilience4j,C:\Users\largu\Documents\Vietnam\dataset\projects\resilience4j\resilience4j-rxjava3\src\test\java\io\github\resilience4j\rxjava3\timelimiter\transformer\TimeLimiterTransformerPublisherTest.java,
resilience4j,C:\Users\largu\Documents\Vietnam\dataset\projects\resilience4j\resilience4j-rxjava3\src\test\java\io\github\resilience4j\rxjava3\timelimiter\transformer\TimeLimiterTransformerSingleTest.java,
resilience4j,C:\Users\largu\Documents\Vietnam\dataset\projects\resilience4j\resilience4j-spring-boot3\src\test\java\io\github\resilience4j\springboot3\bulkhead\autoconfigure\BulkheadAutoConfigurationCustomizerTest.java,
resilience4j,C:\Users\largu\Documents\Vietnam\dataset\projects\resilience4j\resilience4j-spring-boot3\src\test\java\io\github\resilience4j\springboot3\bulkhead\autoconfigure\BulkheadConfigurationOnMissingBeanTest.java,
resilience4j,C:\Users\largu\Documents\Vietnam\dataset\projects\resilience4j\resilience4j-spring-boot3\src\test\java\io\github\resilience4j\springboot3\bulkhead\BulkheadAutoConfigurationTest.java,
resilience4j,C:\Users\largu\Documents\Vietnam\dataset\projects\resilience4j\resilience4j-spring-boot3\src\test\java\io\github\resilience4j\springboot3\circuitbreaker\autoconfigure\CircuitBreakerAutoConfigurationCustomizerTest.java,
resilience4j,C:\Users\largu\Documents\Vietnam\dataset\projects\resilience4j\resilience4j-spring-boot3\src\test\java\io\github\resilience4j\springboot3\circuitbreaker\autoconfigure\CircuitBreakerConfigurationOnMissingBeanTest.java,
resilience4j,C:\Users\largu\Documents\Vietnam\dataset\projects\resilience4j\resilience4j-spring-boot3\src\test\java\io\github\resilience4j\springboot3\circuitbreaker\CircuitBreakerActuatorTest.java,
resilience4j,C:\Users\largu\Documents\Vietnam\dataset\projects\resilience4j\resilience4j-spring-boot3\src\test\java\io\github\resilience4j\springboot3\circuitbreaker\CircuitBreakerAutoConfigurationAsyncTest.java,
resilience4j,C:\Users\largu\Documents\Vietnam\dataset\projects\resilience4j\resilience4j-spring-boot3\src\test\java\io\github\resilience4j\springboot3\circuitbreaker\CircuitBreakerAutoConfigurationReactorTest.java,
resilience4j,C:\Users\largu\Documents\Vietnam\dataset\projects\resilience4j\resilience4j-spring-boot3\src\test\java\io\github\resilience4j\springboot3\circuitbreaker\CircuitBreakerAutoConfigurationRxJava2Test.java,
resilience4j,C:\Users\largu\Documents\Vietnam\dataset\projects\resilience4j\resilience4j-spring-boot3\src\test\java\io\github\resilience4j\springboot3\circuitbreaker\CircuitBreakerAutoConfigurationTest.java,
resilience4j,C:\Users\largu\Documents\Vietnam\dataset\projects\resilience4j\resilience4j-spring-boot3\src\test\java\io\github\resilience4j\springboot3\circuitbreaker\CircuitBreakerFeignTest.java,
resilience4j,C:\Users\largu\Documents\Vietnam\dataset\projects\resilience4j\resilience4j-spring-boot3\src\test\java\io\github\resilience4j\springboot3\circuitbreaker\monitoring\endpoint\CircuitBreakerEventsEndpointSnapshotReadTest.java,
resilience4j,C:\Users\largu\Documents\Vietnam\dataset\projects\resilience4j\resilience4j-spring-boot3\src\test\java\io\github\resilience4j\springboot3\circuitbreaker\monitoring\events\CircuitBreakerHystrixStreamEventsTest.java,
resilience4j,C:\Users\largu\Documents\Vietnam\dataset\projects\resilience4j\resilience4j-spring-boot3\src\test\java\io\github\resilience4j\springboot3\circuitbreaker\monitoring\events\CircuitBreakerStreamEventsTest.java,
resilience4j,C:\Users\largu\Documents\Vietnam\dataset\projects\resilience4j\resilience4j-spring-boot3\src\test\java\io\github\resilience4j\springboot3\circuitbreaker\monitoring\health\CircuitBreakersHealthIndicatorTest.java,
resilience4j,C:\Users\largu\Documents\Vietnam\dataset\projects\resilience4j\resilience4j-spring-boot3\src\test\java\io\github\resilience4j\springboot3\ContextAwareScheduledThreadPoolAutoConfigurationTest.java,
resilience4j,C:\Users\largu\Documents\Vietnam\dataset\projects\resilience4j\resilience4j-spring-boot3\src\test\java\io\github\resilience4j\springboot3\fallback\FallbackConfigurationOnMissingBeanTest.java,
resilience4j,C:\Users\largu\Documents\Vietnam\dataset\projects\resilience4j\resilience4j-spring-boot3\src\test\java\io\github\resilience4j\springboot3\LegacyMetricsAutoConfigurationTest.java,
resilience4j,C:\Users\largu\Documents\Vietnam\dataset\projects\resilience4j\resilience4j-spring-boot3\src\test\java\io\github\resilience4j\springboot3\MeterRegistryWithoutMetricsAutoConfigurationTest.java,
resilience4j,C:\Users\largu\Documents\Vietnam\dataset\projects\resilience4j\resilience4j-spring-boot3\src\test\java\io\github\resilience4j\springboot3\MetricsAutoConfigurationTest.java,
resilience4j,C:\Users\largu\Documents\Vietnam\dataset\projects\resilience4j\resilience4j-spring-boot3\src\test\java\io\github\resilience4j\springboot3\micrometer\TimerAutoConfigurationTest.java,
resilience4j,C:\Users\largu\Documents\Vietnam\dataset\projects\resilience4j\resilience4j-spring-boot3\src\test\java\io\github\resilience4j\springboot3\micrometer\TimerTest.java,
resilience4j,C:\Users\largu\Documents\Vietnam\dataset\projects\resilience4j\resilience4j-spring-boot3\src\test\java\io\github\resilience4j\springboot3\ratelimiter\autoconfigure\RateLimiterAutoConfigurationCustomizerTest.java,
resilience4j,C:\Users\largu\Documents\Vietnam\dataset\projects\resilience4j\resilience4j-spring-boot3\src\test\java\io\github\resilience4j\springboot3\ratelimiter\autoconfigure\RateLimiterConfigurationOnMissingBeanTest.java,
resilience4j,C:\Users\largu\Documents\Vietnam\dataset\projects\resilience4j\resilience4j-spring-boot3\src\test\java\io\github\resilience4j\springboot3\ratelimiter\monitoring\health\RateLimitersHealthIndicatorTest.java,
resilience4j,C:\Users\largu\Documents\Vietnam\dataset\projects\resilience4j\resilience4j-spring-boot3\src\test\java\io\github\resilience4j\springboot3\ratelimiter\RateLimiterAutoConfigurationTest.java,
resilience4j,C:\Users\largu\Documents\Vietnam\dataset\projects\resilience4j\resilience4j-spring-boot3\src\test\java\io\github\resilience4j\springboot3\retry\autoconfigure\RetryAutoConfigurationCustomizerTest.java,
resilience4j,C:\Users\largu\Documents\Vietnam\dataset\projects\resilience4j\resilience4j-spring-boot3\src\test\java\io\github\resilience4j\springboot3\retry\autoconfigure\RetryConfigurationOnMissingBeanTest.java,
resilience4j,C:\Users\largu\Documents\Vietnam\dataset\projects\resilience4j\resilience4j-spring-boot3\src\test\java\io\github\resilience4j\springboot3\retry\RetryAutoConfigurationAsyncTest.java,
resilience4j,C:\Users\largu\Documents\Vietnam\dataset\projects\resilience4j\resilience4j-spring-boot3\src\test\java\io\github\resilience4j\springboot3\retry\RetryAutoConfigurationReactorTest.java,
resilience4j,C:\Users\largu\Documents\Vietnam\dataset\projects\resilience4j\resilience4j-spring-boot3\src\test\java\io\github\resilience4j\springboot3\retry\RetryAutoConfigurationRxJavaTest.java,
resilience4j,C:\Users\largu\Documents\Vietnam\dataset\projects\resilience4j\resilience4j-spring-boot3\src\test\java\io\github\resilience4j\springboot3\retry\RetryAutoConfigurationTest.java,
resilience4j,C:\Users\largu\Documents\Vietnam\dataset\projects\resilience4j\resilience4j-spring-boot3\src\test\java\io\github\resilience4j\springboot3\service\test\TestApplication.java,
resilience4j,C:\Users\largu\Documents\Vietnam\dataset\projects\resilience4j\resilience4j-spring-boot3\src\test\java\io\github\resilience4j\springboot3\SpringBootCommonTest.java,
resilience4j,C:\Users\largu\Documents\Vietnam\dataset\projects\resilience4j\resilience4j-spring-boot3\src\test\java\io\github\resilience4j\springboot3\TestThreadLocalContextPropagator.java,
resilience4j,C:\Users\largu\Documents\Vietnam\dataset\projects\resilience4j\resilience4j-spring-boot3\src\test\java\io\github\resilience4j\springboot3\TestUtils.java,
resilience4j,C:\Users\largu\Documents\Vietnam\dataset\projects\resilience4j\resilience4j-spring-boot3\src\test\java\io\github\resilience4j\springboot3\thread\autoconfigure\ThreadTypeAutoConfigurationTest.java,
resilience4j,C:\Users\largu\Documents\Vietnam\dataset\projects\resilience4j\resilience4j-spring-boot3\src\test\java\io\github\resilience4j\springboot3\timelimiter\autoconfigure\TimeLimiterAutoConfigurationCustomizerTest.java,
resilience4j,C:\Users\largu\Documents\Vietnam\dataset\projects\resilience4j\resilience4j-spring-boot3\src\test\java\io\github\resilience4j\springboot3\timelimiter\TimeLimiterAutoConfigurationTest.java,
resilience4j,C:\Users\largu\Documents\Vietnam\dataset\projects\resilience4j\resilience4j-spring-boot3\src\test\java\io\github\resilience4j\springboot3\verifier\autoconfigure\SpringBoot3VerifierTest.java,
resilience4j,C:\Users\largu\Documents\Vietnam\dataset\projects\resilience4j\resilience4j-spring-boot4\src\test\java\io\github\resilience4j\springboot\bulkhead\autoconfigure\BulkheadAutoConfigurationCustomizerTest.java,
resilience4j,C:\Users\largu\Documents\Vietnam\dataset\projects\resilience4j\resilience4j-spring-boot4\src\test\java\io\github\resilience4j\springboot\bulkhead\autoconfigure\BulkheadConfigurationOnMissingBeanTest.java,
resilience4j,C:\Users\largu\Documents\Vietnam\dataset\projects\resilience4j\resilience4j-spring-boot4\src\test\java\io\github\resilience4j\springboot\bulkhead\BulkheadAutoConfigurationTest.java,
resilience4j,C:\Users\largu\Documents\Vietnam\dataset\projects\resilience4j\resilience4j-spring-boot4\src\test\java\io\github\resilience4j\springboot\circuitbreaker\autoconfigure\CircuitBreakerAutoConfigurationCustomizerTest.java,
resilience4j,C:\Users\largu\Documents\Vietnam\dataset\projects\resilience4j\resilience4j-spring-boot4\src\test\java\io\github\resilience4j\springboot\circuitbreaker\autoconfigure\CircuitBreakerConfigurationOnMissingBeanTest.java,
resilience4j,C:\Users\largu\Documents\Vietnam\dataset\projects\resilience4j\resilience4j-spring-boot4\src\test\java\io\github\resilience4j\springboot\circuitbreaker\CircuitBreakerActuatorTest.java,
resilience4j,C:\Users\largu\Documents\Vietnam\dataset\projects\resilience4j\resilience4j-spring-boot4\src\test\java\io\github\resilience4j\springboot\circuitbreaker\CircuitBreakerAutoConfigurationAsyncTest.java,
resilience4j,C:\Users\largu\Documents\Vietnam\dataset\projects\resilience4j\resilience4j-spring-boot4\src\test\java\io\github\resilience4j\springboot\circuitbreaker\CircuitBreakerAutoConfigurationReactorTest.java,
resilience4j,C:\Users\largu\Documents\Vietnam\dataset\projects\resilience4j\resilience4j-spring-boot4\src\test\java\io\github\resilience4j\springboot\circuitbreaker\CircuitBreakerAutoConfigurationRxJava2Test.java,
resilience4j,C:\Users\largu\Documents\Vietnam\dataset\projects\resilience4j\resilience4j-spring-boot4\src\test\java\io\github\resilience4j\springboot\circuitbreaker\CircuitBreakerAutoConfigurationTest.java,
resilience4j,C:\Users\largu\Documents\Vietnam\dataset\projects\resilience4j\resilience4j-spring-boot4\src\test\java\io\github\resilience4j\springboot\circuitbreaker\CircuitBreakerFeignTest.java,
resilience4j,C:\Users\largu\Documents\Vietnam\dataset\projects\resilience4j\resilience4j-spring-boot4\src\test\java\io\github\resilience4j\springboot\circuitbreaker\monitoring\endpoint\CircuitBreakerEventsEndpointSnapshotReadTest.java,
resilience4j,C:\Users\largu\Documents\Vietnam\dataset\projects\resilience4j\resilience4j-spring-boot4\src\test\java\io\github\resilience4j\springboot\circuitbreaker\monitoring\events\CircuitBreakerHystrixStreamEventsTest.java,
resilience4j,C:\Users\largu\Documents\Vietnam\dataset\projects\resilience4j\resilience4j-spring-boot4\src\test\java\io\github\resilience4j\springboot\circuitbreaker\monitoring\events\CircuitBreakerStreamEventsTest.java,
resilience4j,C:\Users\largu\Documents\Vietnam\dataset\projects\resilience4j\resilience4j-spring-boot4\src\test\java\io\github\resilience4j\springboot\circuitbreaker\monitoring\health\CircuitBreakersHealthIndicatorTest.java,
resilience4j,C:\Users\largu\Documents\Vietnam\dataset\projects\resilience4j\resilience4j-spring-boot4\src\test\java\io\github\resilience4j\springboot\ContextAwareScheduledThreadPoolAutoConfigurationTest.java,
resilience4j,C:\Users\largu\Documents\Vietnam\dataset\projects\resilience4j\resilience4j-spring-boot4\src\test\java\io\github\resilience4j\springboot\fallback\FallbackConfigurationOnMissingBeanTest.java,
resilience4j,C:\Users\largu\Documents\Vietnam\dataset\projects\resilience4j\resilience4j-spring-boot4\src\test\java\io\github\resilience4j\springboot\LegacyMetricsAutoConfigurationTest.java,
resilience4j,C:\Users\largu\Documents\Vietnam\dataset\projects\resilience4j\resilience4j-spring-boot4\src\test\java\io\github\resilience4j\springboot\MeterRegistryWithoutMetricsAutoConfigurationTest.java,
resilience4j,C:\Users\largu\Documents\Vietnam\dataset\projects\resilience4j\resilience4j-spring-boot4\src\test\java\io\github\resilience4j\springboot\MetricsAutoConfigurationTest.java,
resilience4j,C:\Users\largu\Documents\Vietnam\dataset\projects\resilience4j\resilience4j-spring-boot4\src\test\java\io\github\resilience4j\springboot\micrometer\TimerAutoConfigurationTest.java,
resilience4j,C:\Users\largu\Documents\Vietnam\dataset\projects\resilience4j\resilience4j-spring-boot4\src\test\java\io\github\resilience4j\springboot\micrometer\TimerTest.java,
resilience4j,C:\Users\largu\Documents\Vietnam\dataset\projects\resilience4j\resilience4j-spring-boot4\src\test\java\io\github\resilience4j\springboot\ratelimiter\autoconfigure\RateLimiterAutoConfigurationCustomizerTest.java,
resilience4j,C:\Users\largu\Documents\Vietnam\dataset\projects\resilience4j\resilience4j-spring-boot4\src\test\java\io\github\resilience4j\springboot\ratelimiter\autoconfigure\RateLimiterConfigurationOnMissingBeanTest.java,
resilience4j,C:\Users\largu\Documents\Vietnam\dataset\projects\resilience4j\resilience4j-spring-boot4\src\test\java\io\github\resilience4j\springboot\ratelimiter\monitoring\health\RateLimitersHealthIndicatorTest.java,
resilience4j,C:\Users\largu\Documents\Vietnam\dataset\projects\resilience4j\resilience4j-spring-boot4\src\test\java\io\github\resilience4j\springboot\ratelimiter\RateLimiterAutoConfigurationTest.java,
resilience4j,C:\Users\largu\Documents\Vietnam\dataset\projects\resilience4j\resilience4j-spring-boot4\src\test\java\io\github\resilience4j\springboot\RefreshScopedAutoConfigurationTest.java,
resilience4j,C:\Users\largu\Documents\Vietnam\dataset\projects\resilience4j\resilience4j-spring-boot4\src\test\java\io\github\resilience4j\springboot\retry\autoconfigure\RetryAutoConfigurationCustomizerTest.java,
resilience4j,C:\Users\largu\Documents\Vietnam\dataset\projects\resilience4j\resilience4j-spring-boot4\src\test\java\io\github\resilience4j\springboot\retry\autoconfigure\RetryConfigurationOnMissingBeanTest.java,
resilience4j,C:\Users\largu\Documents\Vietnam\dataset\projects\resilience4j\resilience4j-spring-boot4\src\test\java\io\github\resilience4j\springboot\retry\RetryAutoConfigurationAsyncTest.java,
resilience4j,C:\Users\largu\Documents\Vietnam\dataset\projects\resilience4j\resilience4j-spring-boot4\src\test\java\io\github\resilience4j\springboot\retry\RetryAutoConfigurationReactorTest.java,
resilience4j,C:\Users\largu\Documents\Vietnam\dataset\projects\resilience4j\resilience4j-spring-boot4\src\test\java\io\github\resilience4j\springboot\retry\RetryAutoConfigurationRxJavaTest.java,
resilience4j,C:\Users\largu\Documents\Vietnam\dataset\projects\resilience4j\resilience4j-spring-boot4\src\test\java\io\github\resilience4j\springboot\retry\RetryAutoConfigurationTest.java,
resilience4j,C:\Users\largu\Documents\Vietnam\dataset\projects\resilience4j\resilience4j-spring-boot4\src\test\java\io\github\resilience4j\springboot\service\test\TestApplication.java,
resilience4j,C:\Users\largu\Documents\Vietnam\dataset\projects\resilience4j\resilience4j-spring-boot4\src\test\java\io\github\resilience4j\springboot\SpringBootCommonTest.java,
resilience4j,C:\Users\largu\Documents\Vietnam\dataset\projects\resilience4j\resilience4j-spring-boot4\src\test\java\io\github\resilience4j\springboot\TestThreadLocalContextPropagator.java,
resilience4j,C:\Users\largu\Documents\Vietnam\dataset\projects\resilience4j\resilience4j-spring-boot4\src\test\java\io\github\resilience4j\springboot\TestUtils.java,
resilience4j,C:\Users\largu\Documents\Vietnam\dataset\projects\resilience4j\resilience4j-spring-boot4\src\test\java\io\github\resilience4j\springboot\thread\autoconfigure\ThreadTypeAutoConfigurationTest.java,
resilience4j,C:\Users\largu\Documents\Vietnam\dataset\projects\resilience4j\resilience4j-spring-boot4\src\test\java\io\github\resilience4j\springboot\timelimiter\autoconfigure\TimeLimiterAutoConfigurationCustomizerTest.java,
resilience4j,C:\Users\largu\Documents\Vietnam\dataset\projects\resilience4j\resilience4j-spring-boot4\src\test\java\io\github\resilience4j\springboot\timelimiter\TimeLimiterAutoConfigurationTest.java,
resilience4j,C:\Users\largu\Documents\Vietnam\dataset\projects\resilience4j\resilience4j-spring-boot4\src\test\java\io\github\resilience4j\springboot\verifier\autoconfigure\SpringBoot4VerifierTest.java,
resilience4j,C:\Users\largu\Documents\Vietnam\dataset\projects\resilience4j\resilience4j-spring6\src\test\java\io\github\resilience4j\spring6\bulkhead\configure\BulkheadAspectSpelResolverTest.java,
resilience4j,C:\Users\largu\Documents\Vietnam\dataset\projects\resilience4j\resilience4j-spring6\src\test\java\io\github\resilience4j\spring6\bulkhead\configure\BulkheadBuilderCustomizerTest.java,
resilience4j,C:\Users\largu\Documents\Vietnam\dataset\projects\resilience4j\resilience4j-spring6\src\test\java\io\github\resilience4j\spring6\bulkhead\configure\BulkHeadConfigurationSpringTest.java,
resilience4j,C:\Users\largu\Documents\Vietnam\dataset\projects\resilience4j\resilience4j-spring6\src\test\java\io\github\resilience4j\spring6\bulkhead\configure\BulkHeadConfigurationTest.java,
resilience4j,C:\Users\largu\Documents\Vietnam\dataset\projects\resilience4j\resilience4j-spring6\src\test\java\io\github\resilience4j\spring6\bulkhead\configure\BulkHeadInitializationInAspectTest.java,
resilience4j,C:\Users\largu\Documents\Vietnam\dataset\projects\resilience4j\resilience4j-spring6\src\test\java\io\github\resilience4j\spring6\bulkhead\configure\BulkheadRecoveryTest.java,
resilience4j,C:\Users\largu\Documents\Vietnam\dataset\projects\resilience4j\resilience4j-spring6\src\test\java\io\github\resilience4j\spring6\bulkhead\configure\ReactorBulkheadAspectExtTest.java,
resilience4j,C:\Users\largu\Documents\Vietnam\dataset\projects\resilience4j\resilience4j-spring6\src\test\java\io\github\resilience4j\spring6\bulkhead\configure\RxJava2BulkheadAspectExtTest.java,
resilience4j,C:\Users\largu\Documents\Vietnam\dataset\projects\resilience4j\resilience4j-spring6\src\test\java\io\github\resilience4j\spring6\bulkhead\configure\RxJava3BulkheadAspectExtTest.java,
resilience4j,C:\Users\largu\Documents\Vietnam\dataset\projects\resilience4j\resilience4j-spring6\src\test\java\io\github\resilience4j\spring6\bulkhead\configure\ThreadPoolBulkHeadInitializationInAspectTest.java,
resilience4j,C:\Users\largu\Documents\Vietnam\dataset\projects\resilience4j\resilience4j-spring6\src\test\java\io\github\resilience4j\spring6\circuitbreaker\configure\CircuitBreakerAspectSpelResolverTest.java,
resilience4j,C:\Users\largu\Documents\Vietnam\dataset\projects\resilience4j\resilience4j-spring6\src\test\java\io\github\resilience4j\spring6\circuitbreaker\configure\CircuitBreakerConfigurationTest.java,
resilience4j,C:\Users\largu\Documents\Vietnam\dataset\projects\resilience4j\resilience4j-spring6\src\test\java\io\github\resilience4j\spring6\circuitbreaker\configure\CircuitBreakerInitializationInAspectTest.java,
resilience4j,C:\Users\largu\Documents\Vietnam\dataset\projects\resilience4j\resilience4j-spring6\src\test\java\io\github\resilience4j\spring6\circuitbreaker\configure\CircuitBreakerRecoveryTest.java,
resilience4j,C:\Users\largu\Documents\Vietnam\dataset\projects\resilience4j\resilience4j-spring6\src\test\java\io\github\resilience4j\spring6\circuitbreaker\configure\FallbackConfigurationTest.java,
resilience4j,C:\Users\largu\Documents\Vietnam\dataset\projects\resilience4j\resilience4j-spring6\src\test\java\io\github\resilience4j\spring6\circuitbreaker\configure\ReactorCircuitBreakerAspectExtTest.java,
resilience4j,C:\Users\largu\Documents\Vietnam\dataset\projects\resilience4j\resilience4j-spring6\src\test\java\io\github\resilience4j\spring6\circuitbreaker\configure\RxJava2CircuitBreakerAspectExtTest.java,
resilience4j,C:\Users\largu\Documents\Vietnam\dataset\projects\resilience4j\resilience4j-spring6\src\test\java\io\github\resilience4j\spring6\circuitbreaker\configure\RxJava3CircuitBreakerAspectExtTest.java,
resilience4j,C:\Users\largu\Documents\Vietnam\dataset\projects\resilience4j\resilience4j-spring6\src\test\java\io\github\resilience4j\spring6\fallback\FallbackAspectTest.java,
resilience4j,C:\Users\largu\Documents\Vietnam\dataset\projects\resilience4j\resilience4j-spring6\src\test\java\io\github\resilience4j\spring6\fallback\FallbackExecutorTest.java,
resilience4j,C:\Users\largu\Documents\Vietnam\dataset\projects\resilience4j\resilience4j-spring6\src\test\java\io\github\resilience4j\spring6\fallback\FallbackMethodParentTest.java,
resilience4j,C:\Users\largu\Documents\Vietnam\dataset\projects\resilience4j\resilience4j-spring6\src\test\java\io\github\resilience4j\spring6\fallback\FallbackMethodTest.java,
resilience4j,C:\Users\largu\Documents\Vietnam\dataset\projects\resilience4j\resilience4j-spring6\src\test\java\io\github\resilience4j\spring6\fallback\JdkProxyFallbackAspectTest.java,
resilience4j,C:\Users\largu\Documents\Vietnam\dataset\projects\resilience4j\resilience4j-spring6\src\test\java\io\github\resilience4j\spring6\micrometer\configure\DefaultTimerTest.java,
resilience4j,C:\Users\largu\Documents\Vietnam\dataset\projects\resilience4j\resilience4j-spring6\src\test\java\io\github\resilience4j\spring6\micrometer\configure\ReactorTimerTest.java,
resilience4j,C:\Users\largu\Documents\Vietnam\dataset\projects\resilience4j\resilience4j-spring6\src\test\java\io\github\resilience4j\spring6\micrometer\configure\RxJava2TimerTest.java,
resilience4j,C:\Users\largu\Documents\Vietnam\dataset\projects\resilience4j\resilience4j-spring6\src\test\java\io\github\resilience4j\spring6\micrometer\configure\RxJava3TimerTest.java,
resilience4j,C:\Users\largu\Documents\Vietnam\dataset\projects\resilience4j\resilience4j-spring6\src\test\java\io\github\resilience4j\spring6\micrometer\configure\TimerConfigurationTest.java,
resilience4j,C:\Users\largu\Documents\Vietnam\dataset\projects\resilience4j\resilience4j-spring6\src\test\java\io\github\resilience4j\spring6\micrometer\configure\utils\TestConfiguration.java,
resilience4j,C:\Users\largu\Documents\Vietnam\dataset\projects\resilience4j\resilience4j-spring6\src\test\java\io\github\resilience4j\spring6\ratelimiter\configure\RateLimiterAspectSpelResolverTest.java,
resilience4j,C:\Users\largu\Documents\Vietnam\dataset\projects\resilience4j\resilience4j-spring6\src\test\java\io\github\resilience4j\spring6\ratelimiter\configure\RateLimiterConfigurationSpringTest.java,
resilience4j,C:\Users\largu\Documents\Vietnam\dataset\projects\resilience4j\resilience4j-spring6\src\test\java\io\github\resilience4j\spring6\ratelimiter\configure\RateLimiterConfigurationTest.java,
resilience4j,C:\Users\largu\Documents\Vietnam\dataset\projects\resilience4j\resilience4j-spring6\src\test\java\io\github\resilience4j\spring6\ratelimiter\configure\RateLimiterInitializationInAspectTest.java,
resilience4j,C:\Users\largu\Documents\Vietnam\dataset\projects\resilience4j\resilience4j-spring6\src\test\java\io\github\resilience4j\spring6\ratelimiter\configure\RateLimiterRecoveryTest.java,
resilience4j,C:\Users\largu\Documents\Vietnam\dataset\projects\resilience4j\resilience4j-spring6\src\test\java\io\github\resilience4j\spring6\ratelimiter\configure\ReactorRateLimiterAspectExtTest.java,
resilience4j,C:\Users\largu\Documents\Vietnam\dataset\projects\resilience4j\resilience4j-spring6\src\test\java\io\github\resilience4j\spring6\ratelimiter\configure\RxJava2RateLimiterAspectExtTest.java,
resilience4j,C:\Users\largu\Documents\Vietnam\dataset\projects\resilience4j\resilience4j-spring6\src\test\java\io\github\resilience4j\spring6\ratelimiter\configure\RxJava3RateLimiterAspectExtTest.java,
resilience4j,C:\Users\largu\Documents\Vietnam\dataset\projects\resilience4j\resilience4j-spring6\src\test\java\io\github\resilience4j\spring6\retry\configure\ReactorRetryAspectExtTest.java,
resilience4j,C:\Users\largu\Documents\Vietnam\dataset\projects\resilience4j\resilience4j-spring6\src\test\java\io\github\resilience4j\spring6\retry\configure\RetryAspectSpelResolverTest.java,
resilience4j,C:\Users\largu\Documents\Vietnam\dataset\projects\resilience4j\resilience4j-spring6\src\test\java\io\github\resilience4j\spring6\retry\configure\RetryConfigurationSpringTest.java,
resilience4j,C:\Users\largu\Documents\Vietnam\dataset\projects\resilience4j\resilience4j-spring6\src\test\java\io\github\resilience4j\spring6\retry\configure\RetryConfigurationTest.java,
resilience4j,C:\Users\largu\Documents\Vietnam\dataset\projects\resilience4j\resilience4j-spring6\src\test\java\io\github\resilience4j\spring6\retry\configure\RetryInitializationInAspectTest.java,
resilience4j,C:\Users\largu\Documents\Vietnam\dataset\projects\resilience4j\resilience4j-spring6\src\test\java\io\github\resilience4j\spring6\retry\configure\RetryRecoveryTest.java,
resilience4j,C:\Users\largu\Documents\Vietnam\dataset\projects\resilience4j\resilience4j-spring6\src\test\java\io\github\resilience4j\spring6\retry\configure\RxJava2RetryAspectExtTest.java,
resilience4j,C:\Users\largu\Documents\Vietnam\dataset\projects\resilience4j\resilience4j-spring6\src\test\java\io\github\resilience4j\spring6\retry\configure\RxJava3RetryAspectExtTest.java,
resilience4j,C:\Users\largu\Documents\Vietnam\dataset\projects\resilience4j\resilience4j-spring6\src\test\java\io\github\resilience4j\spring6\spelresolver\DefaultSpelResolverTest.java,
resilience4j,C:\Users\largu\Documents\Vietnam\dataset\projects\resilience4j\resilience4j-spring6\src\test\java\io\github\resilience4j\spring6\TestApplication.java,
resilience4j,C:\Users\largu\Documents\Vietnam\dataset\projects\resilience4j\resilience4j-spring6\src\test\java\io\github\resilience4j\spring6\TestDummyService.java,
resilience4j,C:\Users\largu\Documents\Vietnam\dataset\projects\resilience4j\resilience4j-spring6\src\test\java\io\github\resilience4j\spring6\TestThreadLocalContextPropagator.java,
resilience4j,C:\Users\largu\Documents\Vietnam\dataset\projects\resilience4j\resilience4j-spring6\src\test\java\io\github\resilience4j\spring6\timelimiter\configure\ReactorTimeLimiterAspectExtTest.java,
resilience4j,C:\Users\largu\Documents\Vietnam\dataset\projects\resilience4j\resilience4j-spring6\src\test\java\io\github\resilience4j\spring6\timelimiter\configure\RxJava2TimeLimiterAspectExtTest.java,
resilience4j,C:\Users\largu\Documents\Vietnam\dataset\projects\resilience4j\resilience4j-spring6\src\test\java\io\github\resilience4j\spring6\timelimiter\configure\RxJava3TimeLimiterAspectExtTest.java,
resilience4j,C:\Users\largu\Documents\Vietnam\dataset\projects\resilience4j\resilience4j-spring6\src\test\java\io\github\resilience4j\spring6\timelimiter\configure\TimeLimiterAspectSpelResolverTest.java,
resilience4j,C:\Users\largu\Documents\Vietnam\dataset\projects\resilience4j\resilience4j-spring6\src\test\java\io\github\resilience4j\spring6\timelimiter\configure\TimeLimiterConfigurationSpringTest.java,
resilience4j,C:\Users\largu\Documents\Vietnam\dataset\projects\resilience4j\resilience4j-spring6\src\test\java\io\github\resilience4j\spring6\timelimiter\configure\TimeLimiterConfigurationTest.java,
resilience4j,C:\Users\largu\Documents\Vietnam\dataset\projects\resilience4j\resilience4j-spring6\src\test\java\io\github\resilience4j\spring6\timelimiter\configure\TimeLimiterInitializationInAspectTest.java,
resilience4j,C:\Users\largu\Documents\Vietnam\dataset\projects\resilience4j\resilience4j-spring6\src\test\java\io\github\resilience4j\spring6\timelimiter\configure\TimeLimiterRecoveryTest.java,
resilience4j,C:\Users\largu\Documents\Vietnam\dataset\projects\resilience4j\resilience4j-spring6\src\test\java\io\github\resilience4j\spring6\utils\AnnotationExtractorTest.java,
resilience4j,C:\Users\largu\Documents\Vietnam\dataset\projects\resilience4j\resilience4j-test\src\main\java\io\github\resilience4j\test\TestContextPropagators.java,
resilience4j,C:\Users\largu\Documents\Vietnam\dataset\projects\resilience4j\resilience4j-timelimiter\src\test\java\io\github\resilience4j\timelimiter\internal\InMemoryTimeLimiterRegistryTest.java,
resilience4j,C:\Users\largu\Documents\Vietnam\dataset\projects\resilience4j\resilience4j-timelimiter\src\test\java\io\github\resilience4j\timelimiter\internal\TimeLimiterImplTest.java,
resilience4j,C:\Users\largu\Documents\Vietnam\dataset\projects\resilience4j\resilience4j-timelimiter\src\test\java\io\github\resilience4j\timelimiter\internal\TimeLimiterTest.java,
resilience4j,C:\Users\largu\Documents\Vietnam\dataset\projects\resilience4j\resilience4j-timelimiter\src\test\java\io\github\resilience4j\timelimiter\TimeLimiterConfigTest.java,
resilience4j,C:\Users\largu\Documents\Vietnam\dataset\projects\resilience4j\resilience4j-timelimiter\src\test\java\io\github\resilience4j\timelimiter\TimeLimiterEventPublisherTest.java,
resilience4j,C:\Users\largu\Documents\Vietnam\dataset\projects\resilience4j\resilience4j-timelimiter\src\test\java\io\github\resilience4j\timelimiter\TimeLimiterRegistryTest.java,
resilience4j,C:\Users\largu\Documents\Vietnam\dataset\projects\resilience4j\resilience4j-vavr\src\test\java\io\github\resilience4j\bulkhead\VavrBulkheadTest.java,
resilience4j,C:\Users\largu\Documents\Vietnam\dataset\projects\resilience4j\resilience4j-vavr\src\test\java\io\github\resilience4j\cache\VavrCacheTest.java,
resilience4j,C:\Users\largu\Documents\Vietnam\dataset\projects\resilience4j\resilience4j-vavr\src\test\java\io\github\resilience4j\circuitbreaker\VavrCircuitBreakerTest.java,
resilience4j,C:\Users\largu\Documents\Vietnam\dataset\projects\resilience4j\resilience4j-vavr\src\test\java\io\github\resilience4j\core\VavrCheckedFunctionUtilsTest.java,
resilience4j,C:\Users\largu\Documents\Vietnam\dataset\projects\resilience4j\resilience4j-vavr\src\test\java\io\github\resilience4j\decorators\VavrDecoratorsTest.java,
resilience4j,C:\Users\largu\Documents\Vietnam\dataset\projects\resilience4j\resilience4j-vavr\src\test\java\io\github\resilience4j\metrics\VavrTimerTest.java,
resilience4j,C:\Users\largu\Documents\Vietnam\dataset\projects\resilience4j\resilience4j-vavr\src\test\java\io\github\resilience4j\ratelimiter\VavrRateLimiterTest.java,
resilience4j,C:\Users\largu\Documents\Vietnam\dataset\projects\resilience4j\resilience4j-vavr\src\test\java\io\github\resilience4j\retry\SupplierVavrRetryTest.java,
resilience4j,C:\Users\largu\Documents\Vietnam\dataset\projects\resilience4j\resilience4j-vavr\src\test\java\io\github\resilience4j\retry\VavrRetryTest.java,
